id,nombre,Apellido,email,Sexo,IP,pais,edad 
1,Bondon,Toke,btoke0@ameblo.jp,Male,174.193.80.158,China,87
2,Avie,Goodacre,agoodacre1@barnesandnoble.com,Female,163.193.185.191,Sweden,28
3,Cyrille,Cotterell,ccotterell2@sitemeter.com,Male,135.183.185.226,Botswana,36
4,Lucky,Dennes,ldennes3@netlog.com,Female,201.146.135.45,Philippines,71
5,Ronica,Ensley,rensley4@blogspot.com,Female,94.188.147.90,Sweden,29
6,Nedi,O'Farrell,nofarrell5@tmall.com,Female,167.115.71.118,China,31
7,Tan,Ayris,tayris6@techcrunch.com,Male,250.190.8.171,Indonesia,58
8,Brina,Climpson,bclimpson7@huffingtonpost.com,Female,250.253.36.91,Brazil,70
9,Jozef,Flude,jflude8@nsw.gov.au,Male,184.197.145.76,Mexico,24
10,Mame,Ledwitch,mledwitch9@skyrock.com,Female,201.128.200.144,Czech Republic,19
11,Tommy,Cranny,tcrannya@typepad.com,Male,90.189.26.141,Indonesia,84
12,Mick,Mesias,mmesiasb@imgur.com,Male,211.115.212.86,China,82
13,Lynnell,Caistor,lcaistorc@seesaa.net,Female,176.119.43.127,Italy,98
14,Rosene,Mityashin,rmityashind@cam.ac.uk,Female,28.94.99.145,Indonesia,60
15,Sigfrid,Glavin,sglavine@altervista.org,Male,202.245.199.97,Cuba,34
16,Modesta,Totman,mtotmanf@flavors.me,Female,94.148.177.180,Poland,73
17,Herminia,Regorz,hregorzg@mac.com,Female,139.125.244.65,Portugal,65
18,Holly,Lente,hlenteh@webs.com,Female,85.242.206.54,Portugal,58
19,Royall,Morville,rmorvillei@nytimes.com,Male,189.153.121.183,France,41
20,Benjy,McElory,bmceloryj@digg.com,Male,245.136.238.45,Ireland,27
21,Georgina,Jaszczak,gjaszczakk@odnoklassniki.ru,Female,206.155.52.226,Vietnam,54
22,Ayn,Kanter,akanterl@nasa.gov,Female,92.146.249.61,Indonesia,31
23,Imogene,Undrill,iundrillm@ft.com,Female,27.173.142.232,Mongolia,37
24,Barbey,Delamar,bdelamarn@columbia.edu,Female,182.112.150.29,Indonesia,92
25,Herman,Stayte,hstayteo@ameblo.jp,Male,130.213.175.35,Indonesia,39
26,Bradan,Arens,barensp@umich.edu,Male,59.228.56.80,Cuba,79
27,Margot,Shinton,mshintonq@about.com,Female,66.143.91.142,Poland,26
28,Erina,Martinho,emartinhor@msu.edu,Female,195.113.119.55,China,54
29,Andreas,Camamill,acamamills@weibo.com,Male,104.217.101.136,Russia,26
30,Doug,Brinkman,dbrinkmant@wunderground.com,Male,69.47.104.85,Russia,71
31,Alyse,Giorgeschi,agiorgeschiu@house.gov,Female,203.48.105.185,Yemen,87
32,Kathryne,Vasyukhin,kvasyukhinv@intel.com,Female,47.95.143.204,Russia,62
33,Ban,Humbert,bhumbertw@ebay.co.uk,Male,100.33.249.173,Tunisia,28
34,Cristin,McArthur,cmcarthurx@jalbum.net,Female,253.56.116.155,Russia,92
35,Trudy,Brinklow,tbrinklowy@columbia.edu,Female,86.92.3.132,Mayotte,61
36,Anastasie,Sudron,asudronz@marriott.com,Female,175.171.60.197,United States,45
37,Culver,Shitliffe,cshitliffe10@craigslist.org,Male,224.221.129.153,Syria,50
38,Marjory,Capener,mcapener11@berkeley.edu,Female,245.75.156.136,Indonesia,97
39,Mycah,Pautard,mpautard12@bandcamp.com,Male,154.40.176.73,Philippines,40
40,Sterling,Uglow,suglow13@msn.com,Male,179.217.39.114,Philippines,54
41,Angel,Dinley,adinley14@businessinsider.com,Female,241.35.52.205,Dominican Republic,45
42,Gabbie,Duxfield,gduxfield15@ow.ly,Female,243.80.161.148,Sao Tome and Principe,68
43,Gard,Dummett,gdummett16@disqus.com,Male,131.252.64.210,China,34
44,Loralyn,Pauleau,lpauleau17@theglobeandmail.com,Female,146.106.238.161,Russia,74
45,Corby,Levensky,clevensky18@sciencedaily.com,Male,87.245.158.123,Indonesia,31
46,Federica,Archibold,farchibold19@fc2.com,Female,14.172.116.178,Finland,70
47,Errick,Biddell,ebiddell1a@umich.edu,Male,85.39.72.248,Tunisia,47
48,Nikki,Dancer,ndancer1b@cnbc.com,Female,52.228.147.224,Sweden,68
49,Althea,Mathers,amathers1c@marketwatch.com,Female,16.245.103.17,Egypt,28
50,Marj,Linebarger,mlinebarger1d@un.org,Female,108.204.34.68,China,94
51,Viv,Drexel,vdrexel1e@narod.ru,Female,34.229.94.95,Iceland,59
52,Jannelle,Goldine,jgoldine1f@icio.us,Female,230.163.202.81,United States,81
53,Marv,Grimsdith,mgrimsdith1g@liveinternet.ru,Male,66.181.41.242,China,19
54,Nani,McTrustam,nmctrustam1h@acquirethisname.com,Female,111.171.1.11,China,83
55,Philippine,Rase,prase1i@biglobe.ne.jp,Female,93.150.51.19,Argentina,63
56,Kacy,Domesday,kdomesday1j@umn.edu,Female,222.184.126.97,Croatia,70
57,Markos,Hadye,mhadye1k@google.co.uk,Male,21.93.196.170,Thailand,50
58,Mano,Jeaffreson,mjeaffreson1l@sina.com.cn,Male,204.114.198.13,Greece,38
59,Che,Tucker,ctucker1m@buzzfeed.com,Male,79.103.84.155,Pakistan,39
60,Cristina,Newnham,cnewnham1n@wikipedia.org,Female,79.254.58.72,Jordan,97
61,Codie,Skitteral,cskitteral1o@tinyurl.com,Female,91.80.59.25,Portugal,97
62,Arleta,Lote,alote1p@delicious.com,Female,3.76.56.175,France,23
63,Cecilla,McGinty,cmcginty1q@baidu.com,Female,28.189.11.154,Indonesia,30
64,Joelle,Waplington,jwaplington1r@deviantart.com,Female,134.28.57.191,Thailand,80
65,Gray,Choudhury,gchoudhury1s@hao123.com,Female,1.158.94.102,Brazil,18
66,Merissa,Heaslip,mheaslip1t@goo.gl,Female,192.92.13.207,Russia,66
67,Lowe,Franseco,lfranseco1u@desdev.cn,Male,166.224.146.51,Dominican Republic,77
68,Karylin,Radke,kradke1v@fastcompany.com,Female,94.188.117.89,Poland,63
69,Violette,Capnerhurst,vcapnerhurst1w@ebay.co.uk,Female,179.33.38.143,Russia,29
70,Neala,Gilloran,ngilloran1x@cyberchimps.com,Female,219.35.86.156,China,55
71,Liesa,Stringman,lstringman1y@opensource.org,Female,135.68.182.67,Philippines,67
72,Merry,Pinke,mpinke1z@nytimes.com,Male,90.1.232.169,United States,82
73,Thornie,Nail,tnail20@forbes.com,Male,176.175.60.179,Philippines,71
74,Jenine,Anlay,janlay21@prnewswire.com,Female,21.149.156.194,China,61
75,Levin,De Rye Barrett,lderyebarrett22@census.gov,Male,56.67.253.32,Honduras,22
76,Cristy,Stilgoe,cstilgoe23@washington.edu,Female,216.188.78.107,Sweden,35
77,Addy,Dowty,adowty24@tmall.com,Female,42.8.57.123,Finland,70
78,Merwyn,Isacsson,misacsson25@cocolog-nifty.com,Male,96.189.157.110,Kenya,61
79,Nevin,Bew,nbew26@xinhuanet.com,Male,199.157.205.48,Ukraine,86
80,Armand,Hendron,ahendron27@forbes.com,Male,5.93.79.74,China,86
81,Reynolds,Messer,rmesser28@biblegateway.com,Male,92.144.143.42,China,53
82,Ragnar,Elven,relven29@biglobe.ne.jp,Male,15.217.172.47,China,92
83,Harv,Sivier,hsivier2a@sourceforge.net,Male,111.87.123.41,China,24
84,Abby,Pickover,apickover2b@loc.gov,Male,188.115.89.106,Philippines,98
85,Olenka,Iori,oiori2c@google.de,Female,172.137.76.61,China,76
86,Nicky,Patnelli,npatnelli2d@about.com,Female,164.66.137.11,China,38
87,Gizela,Jahncke,gjahncke2e@fastcompany.com,Female,253.43.238.134,Russia,61
88,Amara,Viant,aviant2f@nbcnews.com,Female,218.0.68.16,Thailand,90
89,Thebault,Howorth,thoworth2g@moonfruit.com,Male,27.39.89.29,France,39
90,Richardo,O'Spillane,rospillane2h@123-reg.co.uk,Male,93.105.252.129,Czech Republic,41
91,Ambros,Fipp,afipp2i@patch.com,Male,169.145.152.64,Slovenia,67
92,Car,Gother,cgother2j@mediafire.com,Male,29.207.129.131,Tunisia,44
93,Sayer,Jacobi,sjacobi2k@mac.com,Male,175.113.212.57,Portugal,95
94,Udall,Goldman,ugoldman2l@vk.com,Male,213.205.13.175,United States,45
95,Marjorie,Hartwright,mhartwright2m@nydailynews.com,Female,180.16.122.138,China,82
96,Gerri,Songhurst,gsonghurst2n@sakura.ne.jp,Female,24.125.114.33,Japan,83
97,Zachary,Kinane,zkinane2o@instagram.com,Male,200.104.32.180,Peru,28
98,Joelle,Gyer,jgyer2p@google.com.br,Female,193.1.2.53,Russia,41
99,Hewie,Davydzenko,hdavydzenko2q@drupal.org,Male,29.172.140.245,Netherlands,76
100,Dell,Kloser,dkloser2r@virginia.edu,Male,26.7.7.203,Malawi,36
101,Curtis,Minchin,cminchin2s@google.es,Male,70.95.17.27,Colombia,76
102,Fayre,Najara,fnajara2t@alexa.com,Female,34.61.203.121,Thailand,20
103,Druci,Saundercock,dsaundercock2u@auda.org.au,Female,11.245.40.158,Russia,80
104,Timi,O'Dare,todare2v@usgs.gov,Female,91.69.151.6,Ukraine,90
105,Thorsten,Mordan,tmordan2w@noaa.gov,Male,147.42.162.232,Indonesia,60
106,Mahala,Jorgensen,mjorgensen2x@home.pl,Female,205.142.157.209,China,64
107,Avram,Bohin,abohin2y@twitpic.com,Male,11.16.254.140,China,19
108,Dacie,Menzies,dmenzies2z@about.me,Female,51.102.142.29,Indonesia,39
109,Juliane,Mayzes,jmayzes30@dedecms.com,Female,223.118.19.167,Japan,66
110,Liuka,Denyagin,ldenyagin31@globo.com,Female,169.15.196.74,China,28
111,Benny,Alexandre,balexandre32@clickbank.net,Female,98.95.160.238,Sweden,24
112,Merrick,Houchen,mhouchen33@dailymotion.com,Male,57.234.140.53,Slovenia,55
113,Marion,Melliard,mmelliard34@samsung.com,Male,245.219.214.138,Nigeria,50
114,Cyrillus,Quinane,cquinane35@japanpost.jp,Male,162.2.48.175,China,88
115,Drusy,Polding,dpolding36@miitbeian.gov.cn,Female,140.220.239.249,Costa Rica,21
116,Caddric,Tackley,ctackley37@histats.com,Male,166.177.70.27,East Timor,23
117,Marnie,Platt,mplatt38@unc.edu,Female,48.68.143.126,Croatia,53
118,Tripp,Baine,tbaine39@salon.com,Male,117.197.49.153,Palestinian Territory,76
119,Linnell,Dilks,ldilks3a@virginia.edu,Female,239.36.58.12,Brazil,21
120,Yolanthe,Lepper,ylepper3b@gov.uk,Female,204.40.130.169,Philippines,72
121,Jean,Libri,jlibri3c@seesaa.net,Male,10.178.19.151,Indonesia,69
122,Kelila,Worsley,kworsley3d@smh.com.au,Female,164.114.230.66,France,99
123,Tony,Scaysbrook,tscaysbrook3e@illinois.edu,Male,201.253.71.125,Bolivia,29
124,Lauretta,Gledhill,lgledhill3f@gnu.org,Female,17.246.240.61,Vietnam,84
125,Kamilah,Raraty,kraraty3g@alexa.com,Female,98.190.119.201,Mexico,30
126,Milena,Mardall,mmardall3h@delicious.com,Female,201.178.1.64,Palestinian Territory,36
127,Roseann,Juza,rjuza3i@yelp.com,Female,35.221.219.20,China,88
128,Helenka,Kuhnke,hkuhnke3j@newsvine.com,Female,91.184.41.76,China,98
129,Roscoe,Rowet,rrowet3k@w3.org,Male,127.150.225.110,Costa Rica,52
130,Dre,Tortoise,dtortoise3l@delicious.com,Female,105.47.79.218,Iraq,95
131,Keriann,Yonnie,kyonnie3m@cbc.ca,Female,97.111.219.114,Sweden,45
132,Hermine,Rottger,hrottger3n@360.cn,Female,91.251.15.17,Indonesia,83
133,Francyne,Haster,fhaster3o@diigo.com,Female,171.143.159.167,Indonesia,33
134,Faina,Twinberrow,ftwinberrow3p@engadget.com,Female,103.100.67.135,Afghanistan,96
135,Sindee,Bravington,sbravington3q@mac.com,Female,81.171.8.44,Panama,36
136,Ephrem,Russon,erusson3r@friendfeed.com,Male,51.137.217.226,Nigeria,95
137,Padgett,Reisk,preisk3s@harvard.edu,Male,48.177.252.192,Philippines,94
138,Wadsworth,Stockell,wstockell3t@hostgator.com,Male,89.26.157.116,Syria,91
139,Nicholas,Audrey,naudrey3u@uiuc.edu,Male,89.101.49.12,Panama,68
140,Rikki,O'Toole,rotoole3v@quantcast.com,Male,69.83.65.142,Venezuela,51
141,Cele,Acres,cacres3w@springer.com,Female,40.183.140.238,Tanzania,25
142,Zachariah,Rubinivitz,zrubinivitz3x@youtube.com,Male,28.95.117.80,Sweden,62
143,Rem,Milborn,rmilborn3y@mysql.com,Male,238.226.57.246,Indonesia,30
144,Chuck,Volante,cvolante3z@businessweek.com,Male,185.200.30.32,Kyrgyzstan,61
145,Ingaberg,Huby,ihuby40@discuz.net,Female,153.59.234.103,France,22
146,Bertha,Havesides,bhavesides41@latimes.com,Female,111.73.77.215,France,99
147,Junette,Ocheltree,jocheltree42@mediafire.com,Female,5.214.108.142,Germany,81
148,Farrand,Schanke,fschanke43@epa.gov,Female,228.7.174.94,Poland,70
149,Raymond,McEachern,rmceachern44@ovh.net,Male,43.227.205.28,China,42
150,Jewelle,Kenlin,jkenlin45@angelfire.com,Female,128.250.24.75,Ukraine,91
151,Daisi,Leaf,dleaf46@a8.net,Female,133.90.64.32,Tunisia,53
152,Florian,Renshaw,frenshaw47@themeforest.net,Male,130.203.196.196,Turkey,78
153,Chelsy,Quiddihy,cquiddihy48@51.la,Female,102.175.156.214,Philippines,27
154,Maxwell,MacDermot,mmacdermot49@dedecms.com,Male,234.150.159.38,Ukraine,42
155,Ernaline,Crump,ecrump4a@topsy.com,Female,199.78.173.77,Turkmenistan,76
156,Winn,Cartan,wcartan4b@posterous.com,Male,218.177.161.139,Thailand,60
157,Isidoro,Borris,iborris4c@drupal.org,Male,101.33.199.116,Greece,48
158,Collette,Rawstorn,crawstorn4d@theguardian.com,Female,13.101.55.75,Sweden,22
159,Powell,Adiscot,padiscot4e@pcworld.com,Male,140.103.102.111,Cameroon,50
160,Dasha,Waker,dwaker4f@geocities.com,Female,160.130.111.151,Syria,66
161,Jay,Fogden,jfogden4g@rediff.com,Male,63.243.137.24,Kenya,85
162,Jeremiah,Lake,jlake4h@hugedomains.com,Male,129.4.221.177,Russia,72
163,Ardath,Cockrem,acockrem4i@topsy.com,Female,144.181.217.121,Ukraine,36
164,Philip,Lapre,plapre4j@mayoclinic.com,Male,120.115.151.17,Peru,45
165,Enriqueta,Olijve,eolijve4k@whitehouse.gov,Female,6.209.27.152,Ukraine,97
166,Darbee,Ferentz,dferentz4l@chronoengine.com,Male,60.24.191.126,Peru,41
167,Bjorn,De Hoogh,bdehoogh4m@usa.gov,Male,195.202.226.25,Japan,30
168,Adlai,Dunbobin,adunbobin4n@seesaa.net,Male,178.76.223.44,Indonesia,63
169,Arty,Druitt,adruitt4o@taobao.com,Male,57.223.45.253,Brazil,63
170,Cortney,Carletti,ccarletti4p@google.it,Female,152.41.92.179,Sweden,24
171,Edgar,Schmuhl,eschmuhl4q@soundcloud.com,Male,41.174.197.159,China,57
172,Jorie,Pitkeathley,jpitkeathley4r@biblegateway.com,Female,237.8.13.66,Madagascar,92
173,Loleta,Tod,ltod4s@nsw.gov.au,Female,227.222.186.88,Bangladesh,66
174,Kin,Doche,kdoche4t@joomla.org,Male,64.84.127.213,Philippines,52
175,Friedrick,Jakobssen,fjakobssen4u@tinyurl.com,Male,188.146.174.12,Turkmenistan,49
176,Thaddus,Moncrieffe,tmoncrieffe4v@guardian.co.uk,Male,56.156.250.109,Colombia,99
177,Fernande,Balston,fbalston4w@nih.gov,Female,76.129.66.10,Venezuela,52
178,Honey,Ferencowicz,hferencowicz4x@washington.edu,Female,163.61.252.27,Iran,28
179,Hubert,Biaggelli,hbiaggelli4y@macromedia.com,Male,146.220.39.142,Iran,41
180,Torre,Maven,tmaven4z@amazon.com,Male,190.246.157.204,Poland,22
181,Octavius,Chomiszewski,ochomiszewski50@ftc.gov,Male,46.106.133.31,United States,100
182,Nilson,Condell,ncondell51@usa.gov,Male,103.159.51.108,Indonesia,31
183,Bennie,Petersen,bpetersen52@dailymotion.com,Male,42.143.249.252,South Africa,61
184,Burnard,MacTrusty,bmactrusty53@cdbaby.com,Male,48.180.67.9,Peru,35
185,Emilee,Karet,ekaret54@wikia.com,Female,42.33.30.175,Peru,91
186,Rolph,Sagar,rsagar55@tiny.cc,Male,214.51.156.201,Indonesia,43
187,Thorndike,Sparshutt,tsparshutt56@washingtonpost.com,Male,210.248.74.167,Japan,59
188,Nil,Biever,nbiever57@printfriendly.com,Male,187.21.9.40,China,25
189,Jorgan,Sewill,jsewill58@businessweek.com,Male,153.208.156.135,Canada,61
190,Theodora,De Cruce,tdecruce59@whitehouse.gov,Female,3.117.177.199,Cyprus,98
191,Joy,Philcock,jphilcock5a@washingtonpost.com,Female,165.151.196.64,Indonesia,22
192,Ikey,Twinterman,itwinterman5b@networkadvertising.org,Male,118.75.120.111,Ecuador,28
193,Russell,Deering,rdeering5c@adobe.com,Male,78.73.67.130,Colombia,25
194,Skip,Popple,spopple5d@bandcamp.com,Male,235.179.69.173,China,42
195,Kesley,Danat,kdanat5e@wikispaces.com,Female,125.228.86.255,Russia,37
196,Sander,Brydon,sbrydon5f@weebly.com,Male,153.24.131.8,China,62
197,Karine,Wakeham,kwakeham5g@stanford.edu,Female,85.223.219.125,Argentina,48
198,Gustavo,Saby,gsaby5h@wix.com,Male,212.8.195.216,Bangladesh,22
199,Spenser,Shaddock,sshaddock5i@samsung.com,Male,50.194.39.90,Philippines,62
200,Izak,Hennington,ihennington5j@cam.ac.uk,Male,174.221.210.5,China,34
201,Lynda,Grigoliis,lgrigoliis5k@bizjournals.com,Female,118.209.51.129,Macao,84
202,Meredithe,Rowett,mrowett5l@networksolutions.com,Female,43.38.80.205,China,79
203,Phebe,MacAscaidh,pmacascaidh5m@umn.edu,Female,166.66.222.11,Morocco,49
204,Hinda,Felix,hfelix5n@fda.gov,Female,46.124.226.183,Poland,92
205,Jarad,Coen,jcoen5o@macromedia.com,Male,249.116.158.143,Austria,51
206,Wendie,de Banke,wdebanke5p@columbia.edu,Female,217.76.138.61,Philippines,77
207,Julita,Lemar,jlemar5q@skyrock.com,Female,230.167.130.15,Russia,65
208,Alden,Boteman,aboteman5r@webmd.com,Male,216.16.148.60,Indonesia,67
209,Itch,Rochewell,irochewell5s@princeton.edu,Male,16.22.187.138,China,60
210,Augustin,McFee,amcfee5t@taobao.com,Male,48.63.55.124,Indonesia,36
211,Jemie,Saladin,jsaladin5u@examiner.com,Female,165.213.130.179,Peru,27
212,Brinn,Cuel,bcuel5v@ocn.ne.jp,Female,230.232.119.200,Japan,55
213,Teresina,Souter,tsouter5w@people.com.cn,Female,122.95.220.5,Greece,24
214,Rosaline,Sharply,rsharply5x@g.co,Female,245.79.141.172,Madagascar,73
215,Nappie,Union,nunion5y@usa.gov,Male,219.171.20.7,Philippines,78
216,Simeon,Danilyak,sdanilyak5z@cyberchimps.com,Male,242.76.75.43,Portugal,57
217,Bell,Pass,bpass60@sfgate.com,Female,139.225.157.8,Israel,41
218,Dwain,Sugden,dsugden61@time.com,Male,70.254.233.11,Guatemala,35
219,Celie,Siemon,csiemon62@networkadvertising.org,Female,187.60.119.218,Russia,98
220,Haze,Garatty,hgaratty63@accuweather.com,Male,11.34.121.38,China,66
221,Pegeen,Inkles,pinkles64@bbb.org,Female,132.250.176.64,Portugal,56
222,Elsy,Songer,esonger65@independent.co.uk,Female,192.27.55.41,Portugal,53
223,Andriette,Boniface,aboniface66@house.gov,Female,64.4.137.110,Pakistan,57
224,Yard,Lanktree,ylanktree67@creativecommons.org,Male,116.175.138.45,Czech Republic,99
225,Garald,Blezard,gblezard68@nsw.gov.au,Male,97.94.6.226,Vietnam,80
226,Darryl,Gookey,dgookey69@skype.com,Male,18.13.226.9,Croatia,20
227,Leonanie,Balchin,lbalchin6a@gnu.org,Female,117.120.95.114,Portugal,76
228,Brian,Yule,byule6b@jugem.jp,Male,205.244.39.66,Brazil,59
229,Bar,Bandy,bbandy6c@symantec.com,Male,85.216.14.226,Ukraine,55
230,Starlin,Sherrott,ssherrott6d@europa.eu,Female,39.77.176.243,Indonesia,20
231,Sidonia,Comberbeach,scomberbeach6e@list-manage.com,Female,147.153.69.77,Argentina,98
232,Cosetta,Dunkerly,cdunkerly6f@exblog.jp,Female,208.24.134.90,Honduras,78
233,Maiga,Biaggelli,mbiaggelli6g@shareasale.com,Female,170.16.133.153,Peru,96
234,Mable,Battisson,mbattisson6h@adobe.com,Female,53.98.174.61,Poland,51
235,Naoma,Behrend,nbehrend6i@forbes.com,Female,182.82.157.62,Poland,79
236,Gaylord,Dibbe,gdibbe6j@bloglovin.com,Male,134.182.111.79,Venezuela,97
237,Zack,MacKill,zmackill6k@oaic.gov.au,Male,247.250.186.77,Indonesia,19
238,Mathilde,Tryhorn,mtryhorn6l@github.io,Female,143.178.12.17,Dominica,66
239,Dorie,Bowley,dbowley6m@gov.uk,Male,208.226.224.154,China,86
240,Maxie,Govini,mgovini6n@noaa.gov,Male,160.182.61.78,Indonesia,18
241,Suzie,Blacket,sblacket6o@theatlantic.com,Female,177.52.226.128,Portugal,76
242,Viki,Ellul,vellul6p@pinterest.com,Female,228.112.222.53,Portugal,25
243,Blanch,Deyenhardt,bdeyenhardt6q@hostgator.com,Female,226.150.116.2,Indonesia,66
244,Jude,Ridulfo,jridulfo6r@i2i.jp,Male,20.150.192.250,South Korea,36
245,Dorrie,Camel,dcamel6s@columbia.edu,Female,44.89.33.126,Russia,43
246,Jobina,Betchley,jbetchley6t@tmall.com,Female,31.162.64.86,Honduras,45
247,Kristal,Balogh,kbalogh6u@bloomberg.com,Female,174.193.179.101,China,59
248,Loise,Tinn,ltinn6v@ox.ac.uk,Female,71.92.54.218,Nigeria,27
249,Nathalie,Benedicte,nbenedicte6w@geocities.jp,Female,147.118.250.156,Canada,66
250,Tobye,Ramel,tramel6x@amazon.de,Female,166.59.203.146,United States,47
251,Simone,Denniston,sdenniston6y@yahoo.co.jp,Male,141.240.110.169,Indonesia,63
252,Delainey,Fenelow,dfenelow6z@furl.net,Male,183.183.185.97,Poland,20
253,Kirby,Rowntree,krowntree70@umn.edu,Male,58.210.99.236,Palestinian Territory,45
254,Roanna,Routham,rroutham71@accuweather.com,Female,110.129.85.188,Croatia,93
255,Arly,McGinnis,amcginnis72@oakley.com,Female,230.81.43.43,East Timor,54
256,Collin,Huelin,chuelin73@senate.gov,Male,171.196.135.133,Poland,48
257,Danette,Broske,dbroske74@1688.com,Female,4.237.113.54,China,63
258,Morley,Najera,mnajera75@sun.com,Male,144.71.189.195,Costa Rica,33
259,Joane,Earp,jearp76@wordpress.com,Female,249.94.44.95,Madagascar,30
260,Parsifal,Munnion,pmunnion77@flickr.com,Male,12.83.123.177,Colombia,81
261,Oneida,Mendez,omendez78@fema.gov,Female,149.28.98.113,Philippines,18
262,Moira,Hegarty,mhegarty79@alibaba.com,Female,63.61.205.189,Serbia,88
263,Nelia,Doubleday,ndoubleday7a@histats.com,Female,1.166.202.162,United States,66
264,Ansel,Ducket,aducket7b@csmonitor.com,Male,24.135.253.102,Greece,93
265,Pail,Godsil,pgodsil7c@home.pl,Male,150.223.74.153,France,56
266,Hansiain,Garthland,hgarthland7d@google.com.br,Male,53.6.174.69,Haiti,74
267,Levon,Dicte,ldicte7e@smugmug.com,Male,76.103.151.254,Indonesia,85
268,Maximilianus,Plaster,mplaster7f@cornell.edu,Male,1.48.48.218,Philippines,65
269,Nanon,Sloley,nsloley7g@sina.com.cn,Female,23.51.238.177,Ivory Coast,20
270,Meredeth,Langelay,mlangelay7h@google.ru,Male,119.165.39.183,France,31
271,Timotheus,Nourse,tnourse7i@163.com,Male,29.229.192.254,Brazil,78
272,Mariya,Keems,mkeems7j@slideshare.net,Female,23.196.138.230,China,90
273,Marne,Teaze,mteaze7k@businesswire.com,Female,183.59.54.97,China,32
274,Peder,Rendle,prendle7l@friendfeed.com,Male,169.34.50.24,Brazil,95
275,Dari,Winspeare,dwinspeare7m@cyberchimps.com,Female,124.122.213.66,Serbia,84
276,Beatrisa,Beazey,bbeazey7n@bbc.co.uk,Female,210.152.185.153,China,76
277,Nissa,Hurkett,nhurkett7o@skyrock.com,Female,210.198.234.176,Netherlands,97
278,Brad,Veal,bveal7p@mtv.com,Male,86.229.8.72,Honduras,52
279,Ezequiel,Cradock,ecradock7q@samsung.com,Male,131.35.216.89,Iran,30
280,Nanon,Seivertsen,nseivertsen7r@mashable.com,Female,179.132.122.103,China,87
281,Krystyna,Devigne,kdevigne7s@yandex.ru,Female,204.190.137.203,Tanzania,33
282,Ulrich,Gradwell,ugradwell7t@e-recht24.de,Male,123.96.21.193,China,91
283,Gloriane,Legrave,glegrave7u@e-recht24.de,Female,225.69.141.25,Indonesia,63
284,Waverley,Grigg,wgrigg7v@cnet.com,Male,70.231.53.60,Brazil,89
285,Rosina,Chanter,rchanter7w@shareasale.com,Female,234.125.156.197,Spain,79
286,Merrill,Parade,mparade7x@tinyurl.com,Female,145.59.57.12,China,88
287,Luisa,Raynor,lraynor7y@ucsd.edu,Female,91.159.182.6,Indonesia,81
288,Glyn,Stanhope,gstanhope7z@t.co,Female,65.14.160.4,Nicaragua,62
289,Juli,Greystoke,jgreystoke80@woothemes.com,Female,12.55.148.162,Sweden,55
290,Charity,Titford,ctitford81@redcross.org,Female,91.58.76.233,Russia,74
291,Brody,Masterson,bmasterson82@pcworld.com,Male,96.14.229.240,Croatia,24
292,Constantine,Simek,csimek83@paginegialle.it,Female,8.221.167.63,Indonesia,49
293,Rodie,Lassell,rlassell84@salon.com,Female,231.110.55.90,Russia,38
294,Duff,Balaizot,dbalaizot85@instagram.com,Male,4.62.1.51,Sweden,79
295,Georgiana,Brimilcombe,gbrimilcombe86@merriam-webster.com,Female,1.140.7.238,Moldova,68
296,Pandora,D'Aguanno,pdaguanno87@csmonitor.com,Female,57.234.134.114,China,51
297,Trudey,Aspel,taspel88@istockphoto.com,Female,75.227.168.206,China,64
298,Lilli,Andrejevic,landrejevic89@yellowbook.com,Female,136.199.98.207,Gambia,87
299,Merna,Bewshea,mbewshea8a@npr.org,Female,197.97.228.1,Thailand,30
300,Curry,Spritt,cspritt8b@slideshare.net,Male,160.211.52.161,Cameroon,59
301,Edgar,Berget,eberget8c@acquirethisname.com,Male,254.181.236.15,China,30
302,Rick,Altimas,raltimas8d@google.fr,Male,66.148.173.220,France,21
303,Pauline,Philippet,pphilippet8e@omniture.com,Female,84.64.13.33,Sweden,100
304,Jayme,Straker,jstraker8f@dion.ne.jp,Male,146.135.27.36,Philippines,72
305,Emmye,MacKaig,emackaig8g@mit.edu,Female,193.247.24.197,China,32
306,Antonio,Zoren,azoren8h@tinyurl.com,Male,187.106.145.164,China,86
307,Kinna,Sellman,ksellman8i@liveinternet.ru,Female,181.23.80.220,United States,42
308,Joscelin,Ebbing,jebbing8j@yelp.com,Female,176.247.46.125,Nepal,23
309,Jonathan,Brisse,jbrisse8k@hubpages.com,Male,190.213.159.249,Canada,88
310,Chrystal,McGairl,cmcgairl8l@clickbank.net,Female,31.82.6.19,Poland,71
311,Jere,Goldby,jgoldby8m@goo.gl,Male,116.32.21.230,United States,62
312,Sawyer,Halleybone,shalleybone8n@elegantthemes.com,Male,250.42.229.56,Martinique,22
313,Mina,Redgate,mredgate8o@privacy.gov.au,Female,113.204.208.242,Greece,75
314,Kara,Pound,kpound8p@linkedin.com,Female,210.123.254.222,Brazil,98
315,Mayer,Blanking,mblanking8q@godaddy.com,Male,17.38.52.150,Japan,24
316,Onfroi,Grunnell,ogrunnell8r@sitemeter.com,Male,178.93.129.252,Tunisia,40
317,Lind,Jedrychowski,ljedrychowski8s@webeden.co.uk,Male,15.252.99.71,Uruguay,79
318,Winna,Pacey,wpacey8t@drupal.org,Female,37.159.8.147,Peru,56
319,Gerrie,Fotheringham,gfotheringham8u@fda.gov,Female,213.12.241.136,China,41
320,Hyacinthie,Shailer,hshailer8v@japanpost.jp,Female,254.78.133.19,China,60
321,Jard,Doman,jdoman8w@baidu.com,Male,129.61.67.97,Suriname,99
322,Xylia,Kingsnod,xkingsnod8x@uol.com.br,Female,20.99.193.189,Bolivia,60
323,Tonye,Hakonsen,thakonsen8y@instagram.com,Female,46.250.46.18,Japan,89
324,Simon,Ubsdall,subsdall8z@storify.com,Male,204.198.161.239,China,60
325,Piper,Spivie,pspivie90@addthis.com,Female,74.234.137.194,China,18
326,Orville,Muggach,omuggach91@patch.com,Male,215.189.253.213,Russia,32
327,Erika,Lyste,elyste92@163.com,Female,131.57.115.188,United States,51
328,Twila,Raphael,traphael93@csmonitor.com,Female,124.90.109.157,Democratic Republic of the Congo,95
329,Sibylle,Jellyman,sjellyman94@bandcamp.com,Female,24.92.188.183,China,49
330,Sisely,Jeandeau,sjeandeau95@time.com,Female,108.144.108.150,Malta,28
331,Darcee,Mold,dmold96@adobe.com,Female,91.158.215.66,Russia,24
332,Rebeka,Boerderman,rboerderman97@ycombinator.com,Female,137.236.231.9,France,62
333,Dolph,Moles,dmoles98@merriam-webster.com,Male,122.62.76.86,France,41
334,Luise,Baggot,lbaggot99@earthlink.net,Female,17.146.198.212,Tanzania,20
335,Rock,Vivian,rvivian9a@nba.com,Male,190.171.220.54,China,62
336,Leena,Chiswell,lchiswell9b@cbsnews.com,Female,126.76.24.24,China,43
337,Sandor,Clemmey,sclemmey9c@com.com,Male,35.45.220.232,Czech Republic,27
338,Elnore,Maisey,emaisey9d@youtu.be,Female,37.16.112.39,Ireland,84
339,Debi,Hadgraft,dhadgraft9e@usnews.com,Female,62.35.71.84,China,54
340,Cherrita,Trye,ctrye9f@yandex.ru,Female,237.185.41.34,United States,62
341,Ramon,Unger,runger9g@pagesperso-orange.fr,Male,215.13.120.96,Poland,64
342,Thedrick,Blaza,tblaza9h@unicef.org,Male,170.153.147.192,Japan,54
343,Antone,Blatherwick,ablatherwick9i@epa.gov,Male,181.134.210.70,Poland,21
344,Granville,McHan,gmchan9j@psu.edu,Male,156.84.78.32,France,43
345,Maddy,Eagle,meagle9k@e-recht24.de,Female,149.150.98.41,Mongolia,34
346,Robinia,Hartshorn,rhartshorn9l@illinois.edu,Female,224.60.243.145,Poland,41
347,Emmy,Isard,eisard9m@dmoz.org,Female,111.205.5.171,Philippines,22
348,Grover,Chinge,gchinge9n@cnn.com,Male,75.98.82.255,Micronesia,93
349,Rayner,Dilrew,rdilrew9o@baidu.com,Male,250.67.65.220,Yemen,68
350,Kelsy,Dumphrey,kdumphrey9p@weibo.com,Female,145.22.93.250,Indonesia,56
351,Nettle,Rosensaft,nrosensaft9q@squarespace.com,Female,216.188.68.80,China,80
352,Baudoin,Petty,bpetty9r@tinypic.com,Male,61.151.101.90,Colombia,30
353,Amalea,Philipot,aphilipot9s@merriam-webster.com,Female,186.211.162.216,China,45
354,Bev,Jarvie,bjarvie9t@google.pl,Male,150.187.177.28,Cameroon,46
355,Augustine,Woodfine,awoodfine9u@domainmarket.com,Female,79.57.38.19,Indonesia,75
356,Sauncho,Cardenoso,scardenoso9v@geocities.jp,Male,122.51.236.159,Poland,83
357,Benedicto,Clynman,bclynman9w@usnews.com,Male,2.11.74.36,Philippines,62
358,Pietro,Smolan,psmolan9x@purevolume.com,Male,97.168.119.194,Portugal,42
359,Angelle,Faloon,afaloon9y@princeton.edu,Female,158.151.142.69,Thailand,23
360,Hatti,Maudlin,hmaudlin9z@state.gov,Female,69.198.255.93,Russia,74
361,Mirella,Grelik,mgrelika0@sciencedaily.com,Female,152.63.229.135,Peru,96
362,Jedd,Harrisson,jharrissona1@instagram.com,Male,121.85.21.104,France,47
363,Petronille,Astall,pastalla2@google.nl,Female,196.178.132.209,Indonesia,97
364,Simonette,Haggerwood,shaggerwooda3@sbwire.com,Female,20.214.26.162,Portugal,38
365,Rozelle,Domeney,rdomeneya4@reference.com,Female,237.189.34.233,Dominican Republic,89
366,Nye,Jess,njessa5@slashdot.org,Male,219.38.103.10,Poland,65
367,Dulci,Rase,drasea6@taobao.com,Female,224.238.192.120,Indonesia,77
368,Bret,Becket,bbecketa7@behance.net,Male,32.209.132.176,Japan,49
369,Kendricks,Jaqueminet,kjaquemineta8@amazon.co.jp,Male,194.131.105.253,Indonesia,69
370,Ivett,Copello,icopelloa9@zimbio.com,Female,113.78.133.44,Indonesia,98
371,Leslie,Tenbrug,ltenbrugaa@blogger.com,Female,207.201.5.44,Indonesia,52
372,Tiertza,Rubbert,trubbertab@rambler.ru,Female,246.196.35.49,Belize,37
373,Dede,Youhill,dyouhillac@nih.gov,Female,90.251.80.178,Indonesia,70
374,Karil,Sneesby,ksneesbyad@techcrunch.com,Female,170.198.240.126,Indonesia,25
375,Dion,Dunkerly,ddunkerlyae@unicef.org,Female,92.106.155.176,Denmark,91
376,Laurice,Thouless,lthoulessaf@ftc.gov,Female,172.107.176.122,China,95
377,Dredi,Auston,daustonag@gizmodo.com,Female,204.49.57.13,Ukraine,94
378,Decca,Volonte,dvolonteah@last.fm,Male,104.83.244.123,Ethiopia,82
379,Sharlene,Burghill,sburghillai@gmpg.org,Female,13.227.73.29,Mauritania,73
380,Colly,Brigdale,cbrigdaleaj@ft.com,Female,37.125.131.211,China,45
381,Edeline,Blacksland,eblackslandak@typepad.com,Female,185.67.169.232,France,93
382,Calv,D'Arrigo,cdarrigoal@amazon.co.jp,Male,107.95.190.232,Portugal,32
383,Edgard,Crosen,ecrosenam@businesswire.com,Male,193.65.233.139,Czech Republic,75
384,Tomaso,Bernardotti,tbernardottian@google.com,Male,92.12.132.150,Portugal,39
385,Danyette,Urry,durryao@webs.com,Female,240.127.19.183,France,71
386,Steward,Semorad,ssemoradap@imageshack.us,Male,71.249.228.76,Russia,97
387,Sumner,Fray,sfrayaq@sphinn.com,Male,33.172.76.74,Honduras,96
388,Dell,Strevens,dstrevensar@ustream.tv,Male,167.220.243.59,Portugal,39
389,Veronique,Doyley,vdoyleyas@youtube.com,Female,178.97.50.73,Ukraine,81
390,Gretel,Cullerne,gcullerneat@mayoclinic.com,Female,228.138.192.220,Slovenia,88
391,Ofella,Mussared,omussaredau@kickstarter.com,Female,195.64.148.164,Albania,37
392,Krystalle,MacGaffey,kmacgaffeyav@loc.gov,Female,238.186.168.180,China,43
393,Dew,Brame,dbrameaw@biblegateway.com,Male,204.1.56.20,Sweden,92
394,Vic,Aizlewood,vaizlewoodax@hostgator.com,Male,195.183.198.151,Latvia,28
395,Andreas,Albon,aalbonay@typepad.com,Male,0.111.133.6,Greece,34
396,Garrott,Middup,gmiddupaz@shareasale.com,Male,19.212.215.46,Canada,83
397,Herb,Drohun,hdrohunb0@github.io,Male,35.4.135.175,China,19
398,Galvin,Nannizzi,gnannizzib1@nymag.com,Male,197.111.51.165,Indonesia,18
399,Vikki,Manz,vmanzb2@umn.edu,Female,201.185.156.25,Brazil,84
400,Mitchell,Buckston,mbuckstonb3@tuttocitta.it,Male,23.109.231.152,Indonesia,56
401,Craig,Luxton,cluxtonb4@dagondesign.com,Male,71.50.149.86,China,31
402,Ramonda,Becker,rbeckerb5@rediff.com,Female,253.10.250.227,Indonesia,84
403,Josefa,Kesby,jkesbyb6@addthis.com,Female,67.28.83.43,Bosnia and Herzegovina,53
404,Chickie,Elegood,celegoodb7@twitter.com,Male,83.50.44.137,Indonesia,99
405,Thornton,Wheway,twhewayb8@noaa.gov,Male,126.187.209.88,Russia,54
406,Gabi,Neubigging,gneubiggingb9@yolasite.com,Female,118.99.115.150,Indonesia,75
407,Cherie,Bateman,cbatemanba@unesco.org,Female,5.57.99.34,Argentina,54
408,Denise,Dusting,ddustingbb@msu.edu,Female,88.210.116.216,China,62
409,Bertrando,Boyd,bboydbc@digg.com,Male,54.171.85.172,Russia,79
410,Rriocard,Escreet,rescreetbd@163.com,Male,204.3.115.42,Portugal,100
411,Caroline,Linkleter,clinkleterbe@mlb.com,Female,2.193.40.135,Greece,94
412,Thia,Raistrick,traistrickbf@wikia.com,Female,243.79.135.131,South Korea,93
413,Lock,Nevill,lnevillbg@ovh.net,Male,121.3.216.31,Canada,25
414,Brandise,De Blase,bdeblasebh@arizona.edu,Female,197.147.19.57,Czech Republic,89
415,Giacinta,Berkeley,gberkeleybi@over-blog.com,Female,239.68.52.138,Bahamas,32
416,Gaven,Woollard,gwoollardbj@behance.net,Male,88.106.126.58,Portugal,68
417,Erroll,Aveyard,eaveyardbk@google.co.uk,Male,151.127.91.78,Indonesia,23
418,Parnell,Aitkenhead,paitkenheadbl@friendfeed.com,Male,109.191.131.5,Indonesia,99
419,Pancho,Kendrick,pkendrickbm@aol.com,Male,225.161.220.55,Palestinian Territory,84
420,Diane,Stothard,dstothardbn@umich.edu,Female,89.174.204.141,Russia,85
421,Vanni,Du Plantier,vduplantierbo@un.org,Female,170.152.228.51,Philippines,84
422,Arabele,Gallichan,agallichanbp@indiegogo.com,Female,173.166.88.201,Portugal,40
423,Florida,Bedding,fbeddingbq@flickr.com,Female,45.99.236.159,Indonesia,75
424,Slade,Pruvost,spruvostbr@amazon.co.jp,Male,253.117.85.187,Spain,30
425,Karrah,Perkin,kperkinbs@qq.com,Female,114.236.130.36,China,88
426,Laurie,Owtram,lowtrambt@acquirethisname.com,Female,18.109.46.170,China,81
427,Joaquin,Longstreeth,jlongstreethbu@plala.or.jp,Male,161.62.108.138,Indonesia,76
428,Julissa,Beamont,jbeamontbv@ft.com,Female,150.139.43.5,Spain,88
429,Galvin,De Antoni,gdeantonibw@artisteer.com,Male,111.239.120.11,Canada,31
430,Gerrilee,Tanman,gtanmanbx@dagondesign.com,Female,65.148.243.69,Brazil,56
431,Rodie,Boij,rboijby@nymag.com,Female,34.104.117.96,Sweden,30
432,Jecho,Skews,jskewsbz@phoca.cz,Male,212.179.68.167,China,69
433,Kimmie,Carlsson,kcarlssonc0@nyu.edu,Female,81.190.84.70,Mexico,22
434,Norma,Neames,nneamesc1@ca.gov,Female,163.16.182.64,China,25
435,Sherilyn,Olivia,soliviac2@flavors.me,Female,95.4.196.16,China,92
436,Burr,Witheridge,bwitheridgec3@amazon.com,Male,107.16.121.213,Poland,50
437,Filberte,Spellicy,fspellicyc4@jalbum.net,Male,139.14.131.86,Russia,71
438,Tuckie,Ravillas,travillasc5@indiatimes.com,Male,225.8.104.185,Indonesia,43
439,Megan,Boulde,mbouldec6@opera.com,Female,221.65.72.63,Indonesia,45
440,Gladi,Barnard,gbarnardc7@ask.com,Female,97.28.40.126,China,81
441,Audra,Iannazzi,aiannazzic8@photobucket.com,Female,121.255.144.182,Saint Lucia,77
442,Freddi,Soames,fsoamesc9@google.es,Female,2.13.218.58,Brazil,39
443,Danika,Hussey,dhusseyca@census.gov,Female,96.145.176.23,Colombia,58
444,Kaine,Armstrong,karmstrongcb@google.com.au,Male,251.167.34.221,China,93
445,Aldon,Sinkins,asinkinscc@cbc.ca,Male,41.16.225.219,Indonesia,78
446,Mara,Langrick,mlangrickcd@illinois.edu,Female,88.139.96.39,Brazil,95
447,Brigida,Hatcher,bhatcherce@bravesites.com,Female,165.242.154.207,Greece,95
448,Otes,Connor,oconnorcf@icq.com,Male,82.31.214.139,Poland,48
449,Clementius,Setford,csetfordcg@flickr.com,Male,201.243.200.10,Syria,85
450,Lindsay,Fryatt,lfryattch@who.int,Female,209.112.16.166,Russia,73
451,Hermia,Reaveley,hreaveleyci@amazonaws.com,Female,48.238.247.31,Malaysia,31
452,Emmalynn,McDougle,emcdouglecj@fc2.com,Female,39.111.210.143,Serbia,45
453,Hartley,Casacchia,hcasacchiack@mysql.com,Male,121.142.41.5,China,45
454,Jenilee,Swyer-Sexey,jswyersexeycl@joomla.org,Female,45.83.163.11,Poland,92
455,Laney,Durrand,ldurrandcm@freewebs.com,Female,19.39.115.190,Syria,92
456,Ajay,Varian,avariancn@toplist.cz,Female,91.65.165.60,Myanmar,30
457,Carleen,Voice,cvoiceco@vk.com,Female,221.124.113.34,Indonesia,92
458,Murry,Gasking,mgaskingcp@discuz.net,Male,223.207.123.219,Russia,25
459,Artemas,Hawick,ahawickcq@pagesperso-orange.fr,Male,80.124.35.187,Poland,84
460,Candida,Dorcey,cdorceycr@amazonaws.com,Female,47.69.130.172,Brazil,50
461,Daniela,Pattullo,dpattullocs@nih.gov,Female,57.241.213.138,Philippines,62
462,Dniren,Kinder,dkinderct@google.es,Female,246.152.254.224,Morocco,45
463,Ximenes,Dellatorre,xdellatorrecu@cnet.com,Male,98.121.107.5,Italy,95
464,Georgia,Perring,gperringcv@youtu.be,Female,118.59.203.170,Russia,91
465,Alric,Rose,arosecw@cnbc.com,Male,75.247.74.63,China,91
466,Forbes,Glossop,fglossopcx@smugmug.com,Male,87.28.92.226,Republic of the Congo,95
467,Adorne,Walesby,awalesbycy@joomla.org,Female,103.214.33.152,China,73
468,Gannie,Darkins,gdarkinscz@usda.gov,Male,115.70.167.41,Indonesia,48
469,Filmer,Damper,fdamperd0@telegraph.co.uk,Male,156.102.136.69,Nigeria,60
470,Jeramie,Lingwood,jlingwoodd1@flavors.me,Male,168.35.138.21,Yemen,98
471,Laureen,Bradie,lbradied2@imdb.com,Female,165.230.199.48,Serbia,71
472,Raynard,Claricoats,rclaricoatsd3@smugmug.com,Male,24.214.164.123,Russia,27
473,Joseph,de Werk,jdewerkd4@prlog.org,Male,144.229.139.66,Poland,46
474,Orel,Sterman,ostermand5@wordpress.com,Female,171.133.161.30,Peru,85
475,Jenda,Mityashin,jmityashind6@noaa.gov,Female,71.114.224.77,Nepal,92
476,Bobbi,Yell,byelld7@geocities.com,Female,73.70.134.229,France,61
477,Liza,Pashan,lpashand8@posterous.com,Female,217.136.173.212,Sweden,88
478,Kristoffer,Grastye,kgrastyed9@smugmug.com,Male,199.23.27.243,China,58
479,Ruprecht,Franchyonok,rfranchyonokda@businessweek.com,Male,88.84.11.78,Philippines,45
480,Obed,Ellson,oellsondb@nyu.edu,Male,204.77.207.239,China,30
481,Karel,Gummer,kgummerdc@ameblo.jp,Female,173.192.241.2,China,47
482,Davina,Staley,dstaleydd@goo.gl,Female,95.134.44.164,Indonesia,50
483,Gustave,Brute,gbrutede@a8.net,Male,84.60.101.183,China,92
484,Loni,Hovell,lhovelldf@economist.com,Female,86.185.123.56,Peru,72
485,Randal,Apfel,rapfeldg@domainmarket.com,Male,161.49.247.150,Russia,62
486,Dee,Scales,dscalesdh@hexun.com,Female,89.106.151.124,Canada,39
487,Zed,Knifton,zkniftondi@globo.com,Male,179.231.71.57,Vietnam,34
488,Derrick,Mitkcov,dmitkcovdj@vkontakte.ru,Male,37.61.69.103,China,58
489,Bessy,Luscott,bluscottdk@fc2.com,Female,134.177.22.118,Japan,96
490,Maire,Rapaport,mrapaportdl@tuttocitta.it,Female,59.78.70.102,Japan,49
491,Bord,Losemann,blosemanndm@msu.edu,Male,158.84.163.69,Indonesia,99
492,Mathian,Haye,mhayedn@theglobeandmail.com,Male,72.128.214.237,Bangladesh,64
493,Debor,Weatherdon,dweatherdondo@drupal.org,Female,248.250.1.50,Indonesia,89
494,Thaxter,Kearn,tkearndp@state.gov,Male,113.26.247.186,China,88
495,Bendicty,Orteu,borteudq@ycombinator.com,Male,227.80.243.65,China,88
496,Carrissa,Hirtzmann,chirtzmanndr@barnesandnoble.com,Female,165.10.21.160,Malaysia,79
497,Shane,Huffa,shuffads@privacy.gov.au,Male,27.255.114.20,Honduras,52
498,Mikel,Menendez,mmenendezdt@senate.gov,Male,173.248.150.179,Portugal,48
499,Marlon,O'Lyhane,molyhanedu@utexas.edu,Male,202.112.37.47,Philippines,59
500,Skell,Bloore,sblooredv@elpais.com,Male,165.211.214.51,Indonesia,55
501,Samantha,Greenset,sgreensetdw@stumbleupon.com,Female,102.170.179.191,Philippines,47
502,Issiah,Billam,ibillamdx@abc.net.au,Male,71.21.62.178,China,22
503,Friedrich,Roistone,froistonedy@netlog.com,Male,88.10.47.200,Uganda,82
504,Husain,Veare,hvearedz@tumblr.com,Male,213.239.236.211,China,35
505,Leopold,Middle,lmiddlee0@loc.gov,Male,176.232.108.32,China,33
506,Prescott,Jest,pjeste1@hao123.com,Male,187.197.225.120,Uganda,100
507,Addy,Graveney,agraveneye2@mayoclinic.com,Male,122.65.92.16,Indonesia,36
508,Tyne,Huyton,thuytone3@earthlink.net,Female,245.139.93.158,Indonesia,64
509,Carmon,Chatainier,cchatainiere4@tmall.com,Female,98.158.197.212,Greece,69
510,Jackson,McCarty,jmccartye5@dion.ne.jp,Male,93.10.251.146,Philippines,52
511,Lee,Gircke,lgirckee6@networksolutions.com,Female,8.42.218.60,Thailand,26
512,Carlye,Baffin,cbaffine7@furl.net,Female,71.131.190.42,Vietnam,39
513,Holmes,Ibbitson,hibbitsone8@utexas.edu,Male,26.54.248.40,Yemen,80
514,Alisha,Balwin,abalwine9@jigsy.com,Female,43.215.58.152,France,26
515,Malorie,Flower,mflowerea@digg.com,Female,33.240.23.20,China,85
516,Any,McBoyle,amcboyleeb@ihg.com,Male,212.149.107.237,Uganda,91
517,Osbert,Minerdo,ominerdoec@gnu.org,Male,48.163.188.235,Guatemala,99
518,Cristobal,Orrom,corromed@cornell.edu,Male,75.57.220.231,Russia,70
519,Evelyn,Mallon,emallonee@weibo.com,Female,207.37.233.64,Philippines,49
520,Ardys,Howley,ahowleyef@princeton.edu,Female,28.42.75.104,Indonesia,77
521,Reginald,Ruddiforth,rruddifortheg@ted.com,Male,109.187.83.79,Philippines,68
522,Verney,Kindon,vkindoneh@geocities.com,Male,72.158.23.121,Venezuela,37
523,Wyndham,Meir,wmeirei@economist.com,Male,187.70.3.87,Russia,96
524,Wyn,de Clercq,wdeclercqej@live.com,Male,42.32.205.232,Indonesia,21
525,Arden,Sweynson,asweynsonek@nps.gov,Female,92.224.243.89,Afghanistan,50
526,Stu,Jacklings,sjacklingsel@google.com,Male,24.28.129.33,China,25
527,Edwina,Lamburn,elamburnem@imageshack.us,Female,109.180.160.186,China,52
528,Efrem,Demare,edemareen@furl.net,Male,203.225.151.161,Spain,29
529,Flss,Oddboy,foddboyeo@fotki.com,Female,187.15.138.132,Ireland,75
530,Far,Beardsley,fbeardsleyep@digg.com,Male,167.11.107.182,Philippines,97
531,Talbot,McCathay,tmccathayeq@sogou.com,Male,78.150.121.97,Russia,50
532,Sterne,Brankley,sbrankleyer@hexun.com,Male,39.213.59.134,Colombia,61
533,Gradey,Mylechreest,gmylechreestes@shinystat.com,Male,84.175.127.178,France,39
534,Shermie,Elen,selenet@hhs.gov,Male,129.151.182.212,Cameroon,50
535,Melany,Penright,mpenrighteu@lycos.com,Female,232.160.131.180,Indonesia,85
536,Jarad,Keam,jkeamev@51.la,Male,139.72.189.78,France,94
537,Berkly,Martignon,bmartignonew@gnu.org,Male,22.238.94.48,Sweden,94
538,Kevan,Lamden,klamdenex@gov.uk,Male,231.240.177.236,Norway,46
539,Syman,Hacker,shackerey@e-recht24.de,Male,165.234.114.163,Indonesia,43
540,Audy,Cartmale,acartmaleez@examiner.com,Female,202.15.182.151,China,42
541,Yul,Kock,ykockf0@flickr.com,Male,145.132.55.36,China,97
542,Tremayne,Bubear,tbubearf1@deliciousdays.com,Male,168.243.209.63,Indonesia,61
543,Bryant,Izard,bizardf2@gizmodo.com,Male,108.29.86.111,Indonesia,37
544,Mamie,Stelljes,mstelljesf3@ihg.com,Female,49.57.145.121,Greece,65
545,Rani,Ellif,relliff4@prlog.org,Female,137.250.249.150,Chile,83
546,Berkie,Shakespear,bshakespearf5@a8.net,Male,106.47.61.141,Indonesia,44
547,Anthony,Goodoune,agoodounef6@fda.gov,Male,55.107.112.199,Philippines,22
548,Tamra,Skarin,tskarinf7@goodreads.com,Female,249.92.193.148,Brazil,72
549,Celeste,Cogin,ccoginf8@eepurl.com,Female,96.230.92.54,New Zealand,51
550,Cristine,Pasquale,cpasqualef9@webnode.com,Female,145.103.235.66,Peru,28
551,Ignatius,Tutin,itutinfa@imageshack.us,Male,16.173.119.53,Nigeria,26
552,Isadore,McGeachie,imcgeachiefb@ftc.gov,Male,130.30.113.45,Kyrgyzstan,90
553,Jared,Tindall,jtindallfc@nba.com,Male,144.211.112.6,China,66
554,Rocky,Broxis,rbroxisfd@vk.com,Male,40.45.64.126,Poland,79
555,Tracy,Cardenas,tcardenasfe@nba.com,Female,27.240.86.86,Philippines,55
556,Kory,MacNeillie,kmacneillieff@bbc.co.uk,Male,144.184.150.165,Malaysia,64
557,Fletch,Chominski,fchominskifg@irs.gov,Male,60.98.136.109,Peru,69
558,Wat,Cresswell,wcresswellfh@state.tx.us,Male,141.91.157.3,Syria,40
559,Kahlil,Le Provest,kleprovestfi@tamu.edu,Male,113.59.148.151,Afghanistan,82
560,Brent,Turbat,bturbatfj@chicagotribune.com,Male,28.133.66.3,Serbia,27
561,Giuditta,Kleinplatz,gkleinplatzfk@godaddy.com,Female,136.6.89.26,Chile,39
562,Lemar,Callway,lcallwayfl@myspace.com,Male,113.23.117.243,Greece,88
563,Dukie,Kinworthy,dkinworthyfm@free.fr,Male,14.126.180.247,China,81
564,Alverta,Chitson,achitsonfn@skyrock.com,Female,92.173.206.201,Sweden,43
565,Any,Harcourt,aharcourtfo@last.fm,Male,23.198.154.39,China,80
566,Arabel,Le - Count,alecountfp@hubpages.com,Female,189.226.127.220,Philippines,21
567,Frank,Brasener,fbrasenerfq@pcworld.com,Male,212.131.73.0,China,61
568,Kendal,Lagneaux,klagneauxfr@webnode.com,Male,48.113.154.18,Botswana,33
569,Dallon,Van de Velde,dvandeveldefs@ycombinator.com,Male,148.110.241.33,Kazakhstan,89
570,Rex,Rossi,rrossift@washington.edu,Male,118.176.40.129,Poland,62
571,Cass,Bertie,cbertiefu@house.gov,Female,213.113.76.19,Poland,64
572,Tuesday,Leivesley,tleivesleyfv@creativecommons.org,Female,71.58.250.221,Indonesia,58
573,Fulton,Arnold,farnoldfw@ihg.com,Male,215.30.205.52,Italy,41
574,Nicolette,Dyter,ndyterfx@edublogs.org,Female,235.215.196.90,Philippines,45
575,Ab,Meindl,ameindlfy@cafepress.com,Male,19.235.41.184,Luxembourg,34
576,Maximilian,Orgee,morgeefz@weebly.com,Male,146.141.88.36,Tanzania,26
577,Reinaldos,Bourgourd,rbourgourdg0@yale.edu,Male,75.237.93.102,Sweden,58
578,Yetty,Fielding,yfieldingg1@walmart.com,Female,236.85.238.150,China,38
579,Johnathan,Coppledike,jcoppledikeg2@wired.com,Male,21.70.145.3,Mexico,34
580,Giana,Asbury,gasburyg3@sitemeter.com,Female,100.30.59.4,Panama,67
581,Shel,McWard,smcwardg4@1688.com,Female,113.33.81.146,Swaziland,26
582,Cris,Matchitt,cmatchittg5@ucsd.edu,Female,179.96.88.223,China,53
583,Sallyann,Bau,sbaug6@github.io,Female,181.105.174.205,Honduras,33
584,Petronella,Le Pine,plepineg7@homestead.com,Female,96.63.149.46,Cameroon,26
585,Junina,Ickowicz,jickowiczg8@google.pl,Female,13.122.192.245,Vietnam,29
586,Kane,Mercy,kmercyg9@1688.com,Male,98.232.237.103,Brazil,87
587,Hubie,Joesbury,hjoesburyga@webnode.com,Male,112.39.64.87,Poland,34
588,Keen,O'Bruen,kobruengb@prweb.com,Male,213.255.240.126,Mexico,53
589,Alameda,Whittaker,awhittakergc@independent.co.uk,Female,12.192.53.75,Mexico,74
590,Lindsay,Shopcott,lshopcottgd@hc360.com,Male,97.234.230.123,Indonesia,80
591,Andria,McGeachey,amcgeacheyge@netlog.com,Female,36.106.32.124,China,63
592,Markus,Mosedall,mmosedallgf@xing.com,Male,2.51.198.10,Philippines,91
593,Bentlee,Shrimpton,bshrimptongg@squarespace.com,Male,178.2.200.186,Russia,83
594,Lizabeth,Aspital,laspitalgh@zimbio.com,Female,100.145.185.178,France,18
595,Brew,Quayle,bquaylegi@studiopress.com,Male,10.238.176.120,Brazil,64
596,Andras,Leaf,aleafgj@slashdot.org,Male,82.189.186.156,Finland,89
597,Jamill,Coger,jcogergk@ftc.gov,Male,38.5.75.191,Poland,20
598,Kati,Venton,kventongl@nyu.edu,Female,141.165.20.21,Vietnam,19
599,Godfrey,Haliday,ghalidaygm@tinyurl.com,Male,10.160.102.218,China,80
600,Norbie,Lapslie,nlapsliegn@cyberchimps.com,Male,77.131.146.195,Peru,24
601,Yolanda,Bailes,ybailesgo@europa.eu,Female,81.254.19.197,Poland,71
602,Arne,Monger,amongergp@vimeo.com,Male,166.215.186.104,Bulgaria,65
603,Niki,Cisneros,ncisnerosgq@opera.com,Male,246.108.121.190,Canada,27
604,Jeri,Cripwell,jcripwellgr@army.mil,Female,92.1.171.249,France,36
605,Ernesta,Brugh,ebrughgs@theguardian.com,Female,235.147.254.178,France,62
606,Sigismond,Harverson,sharversongt@sbwire.com,Male,142.129.188.161,Costa Rica,89
607,Morry,Champley,mchampleygu@europa.eu,Male,174.177.64.6,Morocco,35
608,Pepillo,Leel,pleelgv@gnu.org,Male,150.254.44.158,Indonesia,20
609,Holly,McKmurrie,hmckmurriegw@cdc.gov,Male,184.71.213.228,Philippines,25
610,Marianna,Ferrao,mferraogx@earthlink.net,Female,180.70.159.163,Thailand,79
611,Mahala,Adamsson,madamssongy@arstechnica.com,Female,238.125.174.154,China,78
612,Hale,Bazylets,hbazyletsgz@zimbio.com,Male,207.42.164.137,Russia,23
613,Asa,Sapena,asapenah0@pen.io,Male,221.227.38.245,Russia,37
614,Hyacinth,Willimont,hwillimonth1@google.com.br,Female,189.26.29.226,China,86
615,Madonna,Mahy,mmahyh2@storify.com,Female,102.54.180.254,Russia,47
616,Brett,Vokes,bvokesh3@elpais.com,Female,122.129.132.31,United States,25
617,Michelina,Iacovaccio,miacovaccioh4@lulu.com,Female,227.53.14.19,Argentina,82
618,Courtnay,Liversedge,cliversedgeh5@spotify.com,Male,219.142.155.247,Indonesia,69
619,Inglebert,Orys,iorysh6@infoseek.co.jp,Male,11.10.195.79,Syria,67
620,Ilise,De Beneditti,idebenedittih7@weebly.com,Female,182.224.108.141,Greece,46
621,Jany,Cartledge,jcartledgeh8@omniture.com,Female,108.89.222.78,China,41
622,Jamey,Backshaw,jbackshawh9@shinystat.com,Male,155.19.17.76,Philippines,73
623,Bernadine,Hulance,bhulanceha@is.gd,Female,213.134.65.95,Nigeria,39
624,Wang,Markey,wmarkeyhb@skype.com,Male,196.75.27.122,Indonesia,46
625,Dominic,Lundbeck,dlundbeckhc@wikia.com,Male,117.221.195.153,Norway,73
626,Kassi,Goodnow,kgoodnowhd@eepurl.com,Female,161.50.220.146,Tunisia,72
627,Phyllis,Troyes,ptroyeshe@example.com,Female,55.205.49.41,Thailand,91
628,Tom,Whitlaw,twhitlawhf@geocities.jp,Male,245.152.9.160,El Salvador,58
629,Laurel,Chart,lcharthg@uol.com.br,Female,156.139.147.75,Brazil,63
630,Willow,Droogan,wdrooganhh@apache.org,Female,185.180.68.97,Madagascar,79
631,Rhys,Garlee,rgarleehi@microsoft.com,Male,151.47.174.130,Poland,27
632,Sylvia,Teal,stealhj@reference.com,Female,124.120.110.91,Chile,71
633,Dwight,Ewington,dewingtonhk@businessweek.com,Male,144.169.41.250,Thailand,64
634,Jamey,Normadell,jnormadellhl@printfriendly.com,Male,210.214.81.222,Indonesia,67
635,Kristi,McQuilty,kmcquiltyhm@china.com.cn,Female,240.8.85.171,Belarus,22
636,Eachelle,Probets,eprobetshn@studiopress.com,Female,170.7.232.142,China,59
637,Teodoor,Paladino,tpaladinoho@foxnews.com,Male,249.26.197.52,China,28
638,Marchelle,Phillipps,mphillippshp@opera.com,Female,217.230.35.123,France,35
639,Ginger,Gronou,ggronouhq@illinois.edu,Female,159.93.61.231,Indonesia,51
640,Monte,Sindall,msindallhr@cornell.edu,Male,53.161.9.242,Thailand,69
641,Rabbi,Doldon,rdoldonhs@sbwire.com,Male,144.182.150.223,Argentina,31
642,Philomena,Camerello,pcamerelloht@theguardian.com,Female,154.51.139.194,Yemen,83
643,Marjorie,Esplin,mesplinhu@cafepress.com,Female,187.81.255.167,Ukraine,100
644,Kelcey,Heatly,kheatlyhv@homestead.com,Female,17.22.45.119,France,57
645,Ansley,Northey,anortheyhw@sitemeter.com,Female,194.76.229.99,Brazil,30
646,Yule,Minucci,yminuccihx@weibo.com,Male,202.152.44.2,Indonesia,67
647,Ahmad,Syfax,asyfaxhy@nature.com,Male,28.159.95.160,Russia,59
648,Bearnard,Wetherick,bwetherickhz@oracle.com,Male,215.227.235.34,China,56
649,Stanwood,Huglin,shuglini0@cloudflare.com,Male,158.170.18.33,France,43
650,Neron,Reide,nreidei1@unicef.org,Male,53.208.246.236,Brazil,69
651,Joachim,Kirmond,jkirmondi2@canalblog.com,Male,252.100.63.70,Indonesia,76
652,Haze,Kefford,hkeffordi3@paginegialle.it,Male,193.91.21.252,Oman,68
653,Hollyanne,Duddle,hduddlei4@free.fr,Female,0.171.3.23,New Zealand,64
654,Camilla,Pearce,cpearcei5@ftc.gov,Female,231.12.131.70,China,93
655,Kristofer,Spraggs,kspraggsi6@drupal.org,Male,105.217.172.97,Portugal,82
656,Gawen,Tropman,gtropmani7@altervista.org,Male,138.91.200.44,China,83
657,Emelda,Clifton,ecliftoni8@multiply.com,Female,112.46.83.240,Indonesia,45
658,Burch,MacKerley,bmackerleyi9@cafepress.com,Male,211.216.217.177,Malaysia,20
659,Giff,Pedrick,gpedrickia@xrea.com,Male,33.52.70.25,Brazil,51
660,Devina,Demke,ddemkeib@issuu.com,Female,58.175.231.131,China,88
661,Darby,Brookes,dbrookesic@qq.com,Male,180.71.221.199,Philippines,95
662,Margareta,Hallatt,mhallattid@wikipedia.org,Female,228.99.169.216,Russia,94
663,Renado,Darrel,rdarrelie@archive.org,Male,179.128.44.10,Philippines,52
664,Claire,Gaisford,cgaisfordif@guardian.co.uk,Male,96.32.205.246,Chad,63
665,Northrop,Wordsley,nwordsleyig@pcworld.com,Male,27.131.20.73,Brazil,35
666,Jesus,Streather,jstreatherih@usatoday.com,Male,135.67.235.187,Lithuania,23
667,Esta,Rembaud,erembaudii@desdev.cn,Female,185.8.174.68,China,74
668,Hinda,Detoile,hdetoileij@hubpages.com,Female,57.22.68.122,China,26
669,Ardine,Willgoss,awillgossik@altervista.org,Female,172.120.83.62,Iran,95
670,Bernita,Stoffersen,bstoffersenil@wikipedia.org,Female,153.203.217.171,Argentina,24
671,Garrick,Labroue,glabroueim@telegraph.co.uk,Male,213.28.192.201,Philippines,64
672,Sawyer,Bucke,sbuckein@psu.edu,Male,77.86.22.56,China,71
673,Kleon,Showers,kshowersio@lycos.com,Male,154.228.64.137,Argentina,27
674,Ev,Durdle,edurdleip@youtu.be,Male,123.11.159.217,Serbia,23
675,Seward,Dorton,sdortoniq@unesco.org,Male,142.174.84.58,China,26
676,Lovell,Dureden,lduredenir@youtu.be,Male,239.217.234.191,Portugal,53
677,Georgette,Boteman,gbotemanis@hp.com,Female,204.117.171.8,China,76
678,Craig,Cannaway,ccannawayit@geocities.jp,Male,36.194.122.49,Thailand,38
679,Elbertine,Baglan,ebaglaniu@ning.com,Female,184.162.158.53,Yemen,46
680,Elden,Ciobutaro,eciobutaroiv@mozilla.com,Male,255.248.43.67,France,84
681,Myca,Phonix,mphonixiw@miitbeian.gov.cn,Male,159.76.53.219,Finland,56
682,Darbee,Clixby,dclixbyix@163.com,Male,173.61.154.10,Nigeria,99
683,Madlin,Baynam,mbaynamiy@macromedia.com,Female,169.228.153.18,Indonesia,23
684,Newton,Cluely,ncluelyiz@taobao.com,Male,76.194.1.212,United States,62
685,Carol-jean,Minguet,cminguetj0@amazon.co.uk,Female,211.74.181.188,China,44
686,Gordie,Dewdney,gdewdneyj1@gizmodo.com,Male,158.154.162.156,Indonesia,84
687,Syman,Swash,sswashj2@barnesandnoble.com,Male,111.169.189.11,Belarus,22
688,Elston,Kislingbury,ekislingburyj3@columbia.edu,Male,127.65.206.121,Portugal,60
689,Ozzy,Christopherson,ochristophersonj4@examiner.com,Male,162.65.69.118,Indonesia,89
690,Carmina,Ackrill,cackrillj5@wired.com,Female,149.8.169.35,Colombia,83
691,Maribel,Willingham,mwillinghamj6@sourceforge.net,Female,47.195.182.113,Bosnia and Herzegovina,60
692,Konstantin,Staries,kstariesj7@csmonitor.com,Male,167.133.77.27,China,56
693,Euell,Stoffersen,estoffersenj8@fc2.com,Male,19.143.156.101,Macedonia,91
694,Tory,Giercke,tgierckej9@economist.com,Female,81.37.157.167,Indonesia,75
695,Kathe,Jagoe,kjagoeja@tamu.edu,Female,17.161.234.70,Indonesia,95
696,Guillema,Champagne,gchampagnejb@yale.edu,Female,70.8.177.77,Indonesia,79
697,Celka,Wrightham,cwrighthamjc@forbes.com,Female,90.195.0.39,China,26
698,Alexandre,Calbaithe,acalbaithejd@sphinn.com,Male,140.168.179.141,Brazil,61
699,Craggy,Delea,cdeleaje@wordpress.org,Male,133.187.255.90,Sweden,24
700,Ahmed,Corneck,acorneckjf@1und1.de,Male,198.65.237.199,Luxembourg,32
701,Emelen,Girodier,egirodierjg@shop-pro.jp,Male,30.180.0.197,Philippines,38
702,Gilles,Webborn,gwebbornjh@cbslocal.com,Male,64.19.23.96,Mexico,24
703,Llewellyn,Darrel,ldarrelji@earthlink.net,Male,53.153.69.34,China,95
704,Lamar,Crathern,lcrathernjj@java.com,Male,118.141.112.63,Guatemala,38
705,Vevay,Mapston,vmapstonjk@webs.com,Female,112.96.111.6,Indonesia,30
706,Tony,Iacobacci,tiacobaccijl@tmall.com,Female,56.119.12.230,Philippines,66
707,Pincas,Basillon,pbasillonjm@examiner.com,Male,157.114.50.198,Armenia,75
708,Beryl,Gregh,bgreghjn@mayoclinic.com,Female,168.140.69.143,Slovenia,65
709,Valencia,Belverstone,vbelverstonejo@freewebs.com,Female,229.198.69.168,Mexico,67
710,Dix,Lambol,dlamboljp@techcrunch.com,Female,14.57.159.137,Ghana,35
711,Merralee,Farncombe,mfarncombejq@netlog.com,Female,90.20.156.69,Jamaica,94
712,Dyan,O'Rourke,dorourkejr@dmoz.org,Female,188.212.176.222,Croatia,47
713,Francoise,Addinall,faddinalljs@redcross.org,Female,208.122.131.179,Indonesia,46
714,Rourke,Toombs,rtoombsjt@usnews.com,Male,0.220.9.93,China,18
715,Shadow,Tremouille,stremouilleju@biglobe.ne.jp,Male,163.22.109.168,Mexico,40
716,Vidovic,Pindred,vpindredjv@census.gov,Male,127.181.238.62,Russia,37
717,Mozelle,Enochsson,menochssonjw@statcounter.com,Female,133.203.75.68,Mexico,33
718,Bard,Maskrey,bmaskreyjx@liveinternet.ru,Male,208.197.199.184,Argentina,22
719,Celestina,Gullen,cgullenjy@people.com.cn,Female,121.223.112.208,Argentina,85
720,Judas,Barrs,jbarrsjz@dot.gov,Male,139.104.74.135,Sweden,31
721,Sammie,Syversen,ssyversenk0@google.nl,Male,83.131.151.190,Honduras,45
722,Janeen,Allebone,jallebonek1@noaa.gov,Female,141.232.197.138,Montenegro,28
723,Elayne,Spybey,espybeyk2@over-blog.com,Female,205.194.59.0,Brazil,97
724,Sibeal,Laxon,slaxonk3@cpanel.net,Female,14.102.111.174,Thailand,37
725,Maribelle,McGlaughn,mmcglaughnk4@chronoengine.com,Female,244.86.68.110,Peru,76
726,Meade,Southouse,msouthousek5@yale.edu,Female,236.73.29.102,Indonesia,56
727,Jdavie,Lewzey,jlewzeyk6@state.tx.us,Male,36.244.60.79,Yemen,100
728,Clerissa,Ramet,crametk7@telegraph.co.uk,Female,120.216.203.212,Indonesia,35
729,Winonah,Hutcheson,whutchesonk8@goodreads.com,Female,213.106.36.56,China,78
730,Chrotoem,Conroy,cconroyk9@chicagotribune.com,Male,223.74.212.28,China,73
731,Margery,Cavendish,mcavendishka@nymag.com,Female,171.252.100.230,South Korea,43
732,Durante,Duffree,dduffreekb@census.gov,Male,33.53.117.171,China,31
733,Karola,Heath,kheathkc@angelfire.com,Female,117.142.7.125,France,77
734,Burt,Heustice,bheusticekd@sakura.ne.jp,Male,217.233.167.31,Panama,64
735,Emanuele,Simmings,esimmingske@dot.gov,Male,152.69.217.149,Cameroon,99
736,Geoffry,Duiguid,gduiguidkf@unc.edu,Male,2.117.11.73,Portugal,24
737,Ambrosius,Lyndon,alyndonkg@youku.com,Male,61.17.14.127,France,91
738,Arney,Mourgue,amourguekh@paypal.com,Male,109.83.191.16,China,21
739,Beauregard,Harsum,bharsumki@so-net.ne.jp,Male,229.136.33.65,Armenia,76
740,Letti,Ellesmere,lellesmerekj@shop-pro.jp,Female,107.209.144.120,Brazil,20
741,Ron,Casaccia,rcasacciakk@list-manage.com,Male,219.254.239.60,China,48
742,Timofei,Smart,tsmartkl@economist.com,Male,21.199.149.82,Poland,82
743,Bartholomeus,Siebart,bsiebartkm@ask.com,Male,104.245.238.28,China,92
744,Dunc,Petrik,dpetrikkn@economist.com,Male,6.186.43.131,China,27
745,Wilma,O'Hear,wohearko@ning.com,Female,23.25.29.145,Zambia,73
746,Minne,Enden,mendenkp@geocities.com,Female,155.198.42.215,Slovenia,44
747,Joellen,Deller,jdellerkq@trellian.com,Female,76.18.96.184,United States,92
748,Paige,Backman,pbackmankr@yellowpages.com,Male,232.97.54.134,Finland,82
749,Kerwinn,Girhard,kgirhardks@marketwatch.com,Male,39.62.146.103,Indonesia,79
750,Dunc,Lafflin,dlafflinkt@typepad.com,Male,42.81.60.83,Nigeria,94
751,Dougy,Goodanew,dgoodanewku@hubpages.com,Male,5.226.46.91,United States,58
752,Annnora,Girardey,agirardeykv@amazon.de,Female,150.2.105.204,Russia,73
753,Garrik,Borthram,gborthramkw@sitemeter.com,Male,222.214.4.144,Philippines,32
754,Shae,Clamp,sclampkx@nhs.uk,Male,16.61.126.35,Philippines,74
755,Axel,Storek,astorekky@paginegialle.it,Male,106.168.137.196,Czech Republic,47
756,Hale,Giacobo,hgiacobokz@google.ru,Male,212.2.91.112,Palestinian Territory,34
757,Mathian,Dunnett,mdunnettl0@blogspot.com,Male,235.205.244.233,Indonesia,99
758,Sonny,Bonney,sbonneyl1@bravesites.com,Male,110.47.96.196,Philippines,90
759,Emilie,Farrah,efarrahl2@plala.or.jp,Female,32.232.37.170,Argentina,46
760,Marys,Haquard,mhaquardl3@cpanel.net,Female,155.132.247.133,Guam,22
761,Fraze,Doe,fdoel4@cbsnews.com,Male,53.116.106.68,Philippines,74
762,Osborne,Calabry,ocalabryl5@dailymail.co.uk,Male,64.129.251.223,China,33
763,Gaye,Fydoe,gfydoel6@pcworld.com,Female,89.30.44.95,Peru,96
764,Arden,Rawes,arawesl7@virginia.edu,Female,197.172.234.221,China,91
765,Corinna,Pala,cpalal8@hud.gov,Female,60.109.13.181,South Africa,97
766,Angy,Wadley,awadleyl9@tmall.com,Female,221.193.193.113,Sweden,50
767,Sybila,Ackland,sacklandla@furl.net,Female,78.30.245.67,Mexico,26
768,Hank,Lowthian,hlowthianlb@youku.com,Male,220.156.7.182,Bosnia and Herzegovina,90
769,Phillida,Willoughway,pwilloughwaylc@hao123.com,Female,107.121.176.222,Egypt,28
770,Corri,Haye,chayeld@bluehost.com,Female,139.65.43.71,Ireland,38
771,Kenn,Speller,kspellerle@stanford.edu,Male,100.3.208.181,Thailand,55
772,Hilary,Mitchenson,hmitchensonlf@home.pl,Female,84.60.60.246,Brazil,77
773,Freda,Bodechon,fbodechonlg@virginia.edu,Female,151.141.248.190,North Korea,58
774,Moshe,Heyns,mheynslh@slideshare.net,Male,252.197.14.28,Colombia,42
775,Adria,Izatt,aizattli@blogger.com,Female,194.56.246.39,Pakistan,67
776,Jackelyn,Yantsev,jyantsevlj@dropbox.com,Female,74.68.32.32,China,73
777,Emmy,Furbank,efurbanklk@smh.com.au,Male,7.59.229.30,China,29
778,Leonid,Courtonne,lcourtonnell@photobucket.com,Male,3.84.71.98,Russia,95
779,Germayne,Mingotti,gmingottilm@tinypic.com,Male,159.125.156.204,Poland,86
780,Daniella,Wrassell,dwrassellln@rediff.com,Female,5.160.134.38,Indonesia,48
781,Alexandr,Farres,afarreslo@virginia.edu,Male,210.99.252.108,Brazil,19
782,Ainslee,Collinge,acollingelp@multiply.com,Female,70.35.47.141,Poland,82
783,Shayla,Wayne,swaynelq@wsj.com,Female,2.253.250.130,China,86
784,Jeri,Skarin,jskarinlr@51.la,Female,124.129.222.191,Colombia,31
785,Gerda,McFfaden,gmcffadenls@feedburner.com,Female,192.203.191.245,Germany,40
786,Brocky,Witheridge,bwitheridgelt@meetup.com,Male,238.45.21.110,Philippines,20
787,Analise,Ceyssen,aceyssenlu@craigslist.org,Female,247.173.170.131,Brazil,100
788,Serene,Clacson,sclacsonlv@ning.com,Female,73.179.65.8,Thailand,68
789,Rasia,Lighton,rlightonlw@sourceforge.net,Female,15.159.241.6,China,36
790,Moises,Woonton,mwoontonlx@statcounter.com,Male,38.194.80.174,France,69
791,Margeaux,Raye,mrayely@dion.ne.jp,Female,130.243.253.40,China,36
792,Andeee,Formby,aformbylz@nationalgeographic.com,Female,37.27.248.125,Saudi Arabia,64
793,Yorker,Greenroa,ygreenroam0@sohu.com,Male,110.91.84.226,Kazakhstan,90
794,Lynn,Bruni,lbrunim1@com.com,Female,91.57.167.112,China,36
795,Nev,Escalante,nescalantem2@macromedia.com,Male,203.161.171.5,Philippines,87
796,Frants,Segges,fseggesm3@tinypic.com,Male,236.105.88.83,Portugal,30
797,Hillery,Pharro,hpharrom4@dedecms.com,Male,37.62.41.31,South Korea,90
798,Elayne,Naseby,enasebym5@symantec.com,Female,204.125.118.229,Russia,67
799,Patrizius,Onion,ponionm6@blogs.com,Male,237.205.224.151,United States,69
800,Aharon,Hasling,ahaslingm7@edublogs.org,Male,54.179.232.220,Japan,59
801,Eduino,Ballin,eballinm8@youtube.com,Male,187.189.213.5,Portugal,61
802,Trudie,Clapison,tclapisonm9@feedburner.com,Female,127.130.103.110,Philippines,44
803,Eveleen,Palatini,epalatinima@tmall.com,Female,86.82.207.36,Philippines,83
804,Alexi,Brothers,abrothersmb@hud.gov,Female,49.10.193.156,Zimbabwe,86
805,Saloma,Craddy,scraddymc@bravesites.com,Female,82.3.5.180,Philippines,41
806,Tanny,Glasspool,tglasspoolmd@prlog.org,Male,183.208.254.75,Cape Verde,27
807,Trescha,Burr,tburrme@dropbox.com,Female,161.105.170.41,Portugal,93
808,Jacques,Manjin,jmanjinmf@moonfruit.com,Male,108.135.104.240,Croatia,60
809,Dukie,Gisburn,dgisburnmg@ucoz.ru,Male,212.43.131.222,Philippines,54
810,Elbertina,Chislett,echislettmh@123-reg.co.uk,Female,141.88.33.102,China,93
811,Filippo,Groves,fgrovesmi@chicagotribune.com,Male,190.82.38.227,China,93
812,Haleigh,Sincock,hsincockmj@simplemachines.org,Male,148.190.39.31,Germany,33
813,Martyn,Primrose,mprimrosemk@cmu.edu,Male,98.59.172.242,Philippines,88
814,Baxie,Elsley,belsleyml@uol.com.br,Male,46.85.131.5,China,42
815,Cletus,Farland,cfarlandmm@statcounter.com,Male,67.247.217.45,Bulgaria,58
816,Kerr,Baggett,kbaggettmn@surveymonkey.com,Male,229.224.141.193,United States,38
817,Olag,Bellwood,obellwoodmo@amazon.com,Male,146.44.234.232,Indonesia,39
818,Wainwright,Burwin,wburwinmp@amazon.com,Male,65.137.126.11,Finland,38
819,Blancha,Cruickshank,bcruickshankmq@hc360.com,Female,166.115.110.143,Portugal,50
820,Aluin,Reinhart,areinhartmr@vimeo.com,Male,94.193.61.160,Finland,67
821,Maurits,Fell,mfellms@freewebs.com,Male,118.61.147.234,China,91
822,Brenn,Hendriks,bhendriksmt@bbc.co.uk,Female,59.243.20.9,Thailand,26
823,Odelle,Nulty,onultymu@themeforest.net,Female,121.158.165.22,Greece,57
824,Norina,Seamon,nseamonmv@merriam-webster.com,Female,178.234.50.72,China,62
825,Gabie,Ferebee,gferebeemw@nature.com,Female,51.221.153.139,Mauritania,20
826,Arnuad,Nesfield,anesfieldmx@tumblr.com,Male,68.128.62.59,Belize,44
827,Brock,Augur,baugurmy@people.com.cn,Male,229.210.48.40,Russia,82
828,Yehudi,Chesley,ychesleymz@lulu.com,Male,248.147.7.66,Mexico,20
829,Eudora,Placstone,eplacstonen0@rakuten.co.jp,Female,178.225.188.183,Poland,97
830,Dukey,Burlingham,dburlinghamn1@histats.com,Male,211.186.133.65,China,53
831,Ilyse,McCool,imccooln2@wisc.edu,Female,148.19.130.128,China,68
832,Tom,Monni,tmonnin3@gizmodo.com,Male,209.48.178.113,Russia,57
833,Erina,Murkus,emurkusn4@marketwatch.com,Female,136.170.138.132,Sweden,28
834,Maximilien,Tall,mtalln5@4shared.com,Male,193.3.153.109,Uruguay,78
835,Dallon,Gissop,dgissopn6@shop-pro.jp,Male,13.74.110.28,Brazil,89
836,Christie,Sesser,csessern7@51.la,Male,192.239.16.143,United States,99
837,Annis,Wissby,awissbyn8@networkadvertising.org,Female,121.178.4.83,Madagascar,19
838,Rubi,Gladdifh,rgladdifhn9@yahoo.co.jp,Female,232.62.160.227,Brazil,35
839,Lizette,Roostan,lroostanna@tmall.com,Female,165.71.211.66,France,33
840,Dino,Dowsey,ddowseynb@amazonaws.com,Male,5.93.198.6,Sweden,59
841,Elyssa,Sayre,esayrenc@dedecms.com,Female,52.184.181.249,Poland,21
842,Clim,Graddon,cgraddonnd@google.it,Male,87.81.216.200,China,96
843,Pail,Glentz,pglentzne@mashable.com,Male,245.146.7.118,China,82
844,Phip,Magister,pmagisternf@spotify.com,Male,61.247.78.41,China,28
845,Hilliard,Cordelle,hcordelleng@google.nl,Male,133.57.184.72,Uganda,58
846,Clareta,Duffie,cduffienh@yolasite.com,Female,198.151.106.229,Comoros,38
847,Randolph,Hefforde,rheffordeni@123-reg.co.uk,Male,179.64.90.64,Indonesia,27
848,Bennett,Janaszkiewicz,bjanaszkiewicznj@ihg.com,Male,45.170.246.186,Colombia,54
849,Derril,Southcombe,dsouthcombenk@webeden.co.uk,Male,100.231.192.25,China,54
850,Charmaine,MacIllrick,cmacillricknl@hatena.ne.jp,Female,72.130.91.58,Indonesia,56
851,Kaycee,Woolland,kwoollandnm@who.int,Female,253.77.46.98,Russia,25
852,Angelina,Gue,aguenn@un.org,Female,83.34.191.11,Croatia,74
853,Cornelius,Mealiffe,cmealiffeno@businessinsider.com,Male,52.143.121.110,Spain,22
854,Hamid,Mummery,hmummerynp@photobucket.com,Male,157.66.220.147,Indonesia,42
855,Etienne,Mehmet,emehmetnq@google.co.jp,Male,78.241.121.207,Philippines,90
856,Cecile,Doogan,cdoogannr@oracle.com,Female,60.58.208.17,Canada,86
857,Todd,Webland,tweblandns@yellowpages.com,Male,20.18.19.10,Azerbaijan,61
858,Stanislaw,Crutchley,scrutchleynt@sitemeter.com,Male,148.96.92.149,Sweden,67
859,Neils,Michel,nmichelnu@yandex.ru,Male,86.25.157.14,China,76
860,Lorelei,Grocott,lgrocottnv@yellowbook.com,Female,156.7.239.120,Russia,73
861,Bennie,Siaspinski,bsiaspinskinw@multiply.com,Male,89.113.211.175,Indonesia,49
862,Christabel,Tamplin,ctamplinnx@admin.ch,Female,102.236.14.156,Afghanistan,65
863,Ave,Chazette,achazetteny@tripadvisor.com,Male,157.135.102.18,Indonesia,42
864,Micheil,Collar,mcollarnz@myspace.com,Male,167.194.22.87,Syria,24
865,Marc,Ballinghall,mballinghallo0@free.fr,Male,129.57.139.153,China,70
866,Stella,Le Marchand,slemarchando1@bbc.co.uk,Female,5.76.90.41,Cameroon,70
867,Miller,Scamel,mscamelo2@pbs.org,Male,209.212.237.84,China,27
868,Tilly,Toleman,ttolemano3@admin.ch,Female,244.192.165.22,Ecuador,90
869,Joana,McGettigan,jmcgettigano4@sfgate.com,Female,70.144.148.216,Greece,69
870,Cally,Merrison,cmerrisono5@nydailynews.com,Female,84.250.157.232,Malaysia,20
871,Panchito,Simonyi,psimonyio6@mediafire.com,Male,62.76.22.109,Malaysia,82
872,Jenilee,Millsom,jmillsomo7@taobao.com,Female,237.120.52.206,China,59
873,Bartholomew,Moryson,bmorysono8@goo.gl,Male,208.150.188.202,China,34
874,Drusi,O'Kenny,dokennyo9@uiuc.edu,Female,5.161.27.70,Portugal,37
875,Ricky,Glenfield,rglenfieldoa@technorati.com,Male,253.106.212.63,Jordan,58
876,Amerigo,Ladds,aladdsob@cafepress.com,Male,173.225.37.163,Philippines,28
877,Kathi,Cutchey,kcutcheyoc@un.org,Female,164.49.101.222,China,98
878,Hermie,Crispin,hcrispinod@cnet.com,Male,101.202.42.214,Philippines,58
879,Aldis,Sinclaire,asinclaireoe@mysql.com,Male,141.101.5.161,Indonesia,45
880,Shantee,Reskelly,sreskellyof@wikia.com,Female,36.44.144.251,Indonesia,68
881,Carlyle,Flukes,cflukesog@vinaora.com,Male,209.60.32.133,China,70
882,Audy,Moffett,amoffettoh@vinaora.com,Female,25.54.163.183,China,40
883,Kinnie,Foucher,kfoucheroi@mail.ru,Male,109.96.18.38,China,28
884,Feodor,Ough,foughoj@sogou.com,Male,46.169.86.15,France,40
885,Mathew,Jumonet,mjumonetok@netvibes.com,Male,148.248.32.154,Philippines,70
886,Chauncey,Richmont,crichmontol@51.la,Male,174.107.45.142,France,22
887,Ethan,Slinn,eslinnom@netscape.com,Male,113.57.85.57,Philippines,98
888,Borden,Oscroft,boscrofton@qq.com,Male,190.156.168.133,United States,63
889,Karia,Buie,kbuieoo@npr.org,Female,21.184.130.162,Poland,31
890,Darwin,Yanez,dyanezop@xinhuanet.com,Male,214.58.0.115,China,44
891,Bird,Brownlee,bbrownleeoq@apple.com,Female,235.161.25.98,Russia,66
892,Vanda,De Courtney,vdecourtneyor@dmoz.org,Female,165.100.110.46,Argentina,61
893,Whitney,Eades,weadesos@merriam-webster.com,Female,20.29.57.79,Indonesia,69
894,Titos,Blount,tblountot@scribd.com,Male,245.221.139.131,Portugal,30
895,Harley,Ferby,hferbyou@marketwatch.com,Female,141.15.19.148,Japan,95
896,Malanie,Francisco,mfranciscoov@51.la,Female,9.78.74.0,Indonesia,65
897,Benn,Cappel,bcappelow@webmd.com,Male,20.27.47.172,China,53
898,Sherie,Normanvill,snormanvillox@hubpages.com,Female,65.235.28.218,Philippines,38
899,Erena,Hampton,ehamptonoy@opera.com,Female,146.169.118.237,Poland,31
900,Beauregard,Budgett,bbudgettoz@cargocollective.com,Male,135.251.110.241,Yemen,98
901,Linoel,Critchell,lcritchellp0@bluehost.com,Male,55.136.121.56,Peru,35
902,Binky,Bourbon,bbourbonp1@trellian.com,Male,7.180.136.85,Honduras,76
903,Quint,Glide,qglidep2@moonfruit.com,Male,207.79.169.160,Mali,90
904,Chrissy,Wallwork,cwallworkp3@addtoany.com,Female,19.12.145.121,Palestinian Territory,95
905,Xymenes,De Blasi,xdeblasip4@marketwatch.com,Male,41.195.5.23,Netherlands,31
906,Tina,Puttick,tputtickp5@uiuc.edu,Female,240.58.183.171,Russia,42
907,Pier,Trembath,ptrembathp6@cdbaby.com,Female,124.107.74.43,Venezuela,74
908,Dynah,Arger,dargerp7@mashable.com,Female,246.140.124.48,Portugal,62
909,Marrissa,McGarrell,mmcgarrellp8@jigsy.com,Female,74.92.200.145,Philippines,78
910,Morton,Grzegorecki,mgrzegoreckip9@nhs.uk,Male,200.83.65.121,Czech Republic,67
911,Karoline,Spalls,kspallspa@technorati.com,Female,67.221.255.162,Sweden,86
912,Wallis,Guntrip,wguntrippb@uiuc.edu,Female,199.221.60.97,Russia,52
913,Thorny,Lanceley,tlanceleypc@rambler.ru,Male,182.19.243.252,Macedonia,58
914,Currey,Conre,cconrepd@mlb.com,Male,63.85.5.112,Colombia,91
915,Rey,Birwhistle,rbirwhistlepe@earthlink.net,Male,125.88.252.176,Ecuador,100
916,Merci,Hadley,mhadleypf@liveinternet.ru,Female,232.144.51.140,Brazil,37
917,Brett,Clevely,bclevelypg@edublogs.org,Male,33.61.191.150,Ukraine,79
918,Corbet,Heartfield,cheartfieldph@usgs.gov,Male,79.84.27.207,China,58
919,Robbyn,Jaffra,rjaffrapi@sogou.com,Female,255.90.43.168,Philippines,85
920,Elka,Adami,eadamipj@4shared.com,Female,93.251.234.59,Czech Republic,89
921,Eugenius,McGunley,emcgunleypk@google.ru,Male,200.31.197.3,Indonesia,93
922,Kaitlin,Daile,kdailepl@indiegogo.com,Female,100.35.167.67,China,72
923,Torey,Wysome,twysomepm@skype.com,Male,128.142.41.107,Armenia,85
924,Lionel,Crewther,lcrewtherpn@reference.com,Male,32.157.249.164,Czech Republic,45
925,Aldous,Rundle,arundlepo@drupal.org,Male,241.115.239.221,Indonesia,84
926,Clay,Dahmel,cdahmelpp@dot.gov,Male,223.111.234.67,Japan,35
927,Pamela,Eckh,peckhpq@intel.com,Female,209.61.54.42,Argentina,53
928,Darlene,Peacey,dpeaceypr@usnews.com,Female,42.242.201.142,Indonesia,95
929,Iolanthe,Dedmam,idedmamps@xing.com,Female,23.113.31.107,Ukraine,29
930,Ardra,Jullian,ajullianpt@nps.gov,Female,165.162.25.38,Russia,88
931,Haydon,Georgiev,hgeorgievpu@wunderground.com,Male,193.94.23.239,Japan,50
932,Desiree,Bettles,dbettlespv@upenn.edu,Female,45.209.30.49,Indonesia,71
933,Casey,Kintish,ckintishpw@dion.ne.jp,Male,26.195.219.133,Dominican Republic,84
934,Sela,Moreman,smoremanpx@narod.ru,Female,11.45.172.15,Czech Republic,42
935,Astrid,Ellum,aellumpy@archive.org,Female,155.80.203.178,China,36
936,Austine,Cometti,acomettipz@boston.com,Female,253.152.97.215,Russia,29
937,Ansel,Huc,ahucq0@dagondesign.com,Male,172.10.205.212,Lithuania,98
938,Herold,Newman,hnewmanq1@nature.com,Male,164.111.143.201,French Polynesia,52
939,Emmye,Chucks,echucksq2@mozilla.org,Female,249.44.241.128,Yemen,49
940,Antoine,Neesam,aneesamq3@baidu.com,Male,228.194.202.36,China,73
941,Pacorro,Lunny,plunnyq4@hhs.gov,Male,200.119.17.190,Haiti,59
942,Cissy,Bygate,cbygateq5@cpanel.net,Female,27.18.118.70,Portugal,38
943,Emmett,Culley,eculleyq6@usnews.com,Male,37.192.193.22,Russia,29
944,Blondell,Fairbourne,bfairbourneq7@foxnews.com,Female,125.136.128.25,Honduras,29
945,Garfield,Danielut,gdanielutq8@blogspot.com,Male,111.57.22.188,Bulgaria,48
946,Dory,Lammerich,dlammerichq9@godaddy.com,Female,236.42.191.65,Sweden,84
947,Valry,Jarred,vjarredqa@spiegel.de,Female,159.175.152.76,Russia,40
948,Dennie,Binnell,dbinnellqb@smh.com.au,Female,217.111.13.140,Indonesia,43
949,Ban,Allewell,ballewellqc@microsoft.com,Male,64.191.92.113,Russia,100
950,Elana,Hilbourne,ehilbourneqd@ft.com,Female,19.107.218.99,China,99
951,Dermot,Alger,dalgerqe@opera.com,Male,120.199.24.233,Sri Lanka,70
952,Georgine,Featley,gfeatleyqf@webs.com,Female,250.17.77.7,Tanzania,58
953,Ambrosius,Sinnat,asinnatqg@theguardian.com,Male,236.59.153.141,Russia,89
954,Teodora,Waything,twaythingqh@theguardian.com,Female,161.1.81.195,China,60
955,Ernestine,Wilding,ewildingqi@weibo.com,Female,177.140.252.239,Venezuela,51
956,Chantal,Seathwright,cseathwrightqj@nyu.edu,Female,255.42.205.215,Colombia,66
957,Jerald,Kording,jkordingqk@1688.com,Male,190.78.116.65,China,28
958,Bern,O'Cullen,bocullenql@phoca.cz,Male,138.155.186.88,Russia,82
959,Madella,Berridge,mberridgeqm@phoca.cz,Female,52.171.176.109,China,56
960,Dag,Medina,dmedinaqn@netlog.com,Male,180.108.238.101,Israel,26
961,Sig,Newiss,snewissqo@foxnews.com,Male,239.87.44.14,China,85
962,Valaree,Toler,vtolerqp@webeden.co.uk,Female,99.100.29.203,Mexico,65
963,Biron,Sewter,bsewterqq@sogou.com,Male,237.145.2.189,Sweden,30
964,Pincas,Jent,pjentqr@lycos.com,Male,129.211.242.93,Sweden,59
965,Holly,Sheard,hsheardqs@wikipedia.org,Female,156.3.87.199,Indonesia,75
966,Orelee,Barrick,obarrickqt@ted.com,Female,105.76.134.245,Chad,34
967,Amelia,Benoy,abenoyqu@bbc.co.uk,Female,106.205.123.195,Czech Republic,81
968,Miran,Galloway,mgallowayqv@cdbaby.com,Female,220.78.47.171,Sweden,75
969,Arvie,Ledington,aledingtonqw@hexun.com,Male,216.197.153.117,Philippines,41
970,Rodolfo,Meryett,rmeryettqx@abc.net.au,Male,131.75.196.71,China,21
971,Shannon,McCarroll,smccarrollqy@nps.gov,Male,178.251.146.130,Brazil,74
972,Traver,Grisdale,tgrisdaleqz@networkadvertising.org,Male,213.224.49.86,Peru,64
973,Cassey,Bullier,cbullierr0@rakuten.co.jp,Female,107.105.246.18,Canada,92
974,Ambros,Marzelo,amarzelor1@github.io,Male,158.198.17.194,Jamaica,30
975,Katuscha,Treher,ktreherr2@guardian.co.uk,Female,154.74.135.87,China,39
976,Chickie,Ziemsen,cziemsenr3@disqus.com,Female,197.146.83.39,Portugal,41
977,Alika,Catenot,acatenotr4@netvibes.com,Female,233.142.30.221,Brazil,73
978,Carling,Moraleda,cmoraledar5@hostgator.com,Male,177.147.126.50,Serbia,59
979,Betsey,Boerder,bboerderr6@army.mil,Female,43.190.180.106,Russia,90
980,Callie,Beaston,cbeastonr7@stumbleupon.com,Female,206.79.31.120,China,94
981,Remington,Grealish,rgrealishr8@over-blog.com,Male,142.189.9.48,Pakistan,68
982,Alix,Rimbault,arimbaultr9@mapquest.com,Male,14.30.101.222,Poland,44
983,Gaven,Barnardo,gbarnardora@washington.edu,Male,254.84.107.61,Greece,36
984,Rodney,Espinas,respinasrb@vinaora.com,Male,29.171.240.194,Armenia,61
985,Giacinta,Ravelus,gravelusrc@netvibes.com,Female,226.21.253.60,Yemen,26
986,Zackariah,Dulwitch,zdulwitchrd@flavors.me,Male,106.135.61.94,Chile,87
987,Rosabel,Mavin,rmavinre@google.com.hk,Female,184.110.95.242,Sweden,32
988,Horton,Rickardes,hrickardesrf@imdb.com,Male,162.24.171.99,Japan,65
989,Emmalynne,Shier,eshierrg@foxnews.com,Female,243.192.243.158,Russia,49
990,Morena,Grumell,mgrumellrh@sciencedirect.com,Female,15.47.0.53,Japan,83
991,Vincenz,Flori,vfloriri@ifeng.com,Male,209.122.152.166,Philippines,53
992,Allin,Malcher,amalcherrj@ibm.com,Male,194.27.24.48,Czech Republic,74
993,Blinnie,Duckhouse,bduckhouserk@oaic.gov.au,Female,96.51.106.178,Mexico,96
994,Querida,Donahue,qdonahuerl@slideshare.net,Female,41.15.156.50,Chile,79
995,Dina,Yarrall,dyarrallrm@twitpic.com,Female,189.248.70.68,North Korea,35
996,Wallis,Osgood,wosgoodrn@rambler.ru,Female,120.165.36.237,China,74
997,Greta,Kelland,gkellandro@amazonaws.com,Female,80.199.5.45,Brazil,34
998,Gal,Clymo,gclymorp@i2i.jp,Male,206.164.180.171,Indonesia,49
999,Greta,Rambaut,grambautrq@gnu.org,Female,54.82.152.181,Uganda,52
1000,Abrahan,Feaveer,afeaveerrr@earthlink.net,Male,91.147.234.39,Syria,68
